status,local_id,local_brand,local_model,remote_brand,remote_model,category,detail_url
"matched","coway-cpi-7400n","코웨이","CPI-7400N","코웨이","CPI-7400N","정수기","https://www.rentalsegye.com/product.php?no=26139&cid=1377&gid=1424"
"matched","coway-cpi-7400n-2","코웨이","CPI-7400N","코웨이","CPI-7400N","정수기","https://www.rentalsegye.com/product.php?no=26139&cid=1377&gid=1424"
"matched","chungho-wi-36c90620n","청호나이스","WI-36C90620N","청호나이스","WI-36C90620N","정수기","https://www.rentalsegye.com/product.php?no=32208&cid=1377&gid=1424"
"matched","coway-chp-7212n","코웨이","CHP-7212N","코웨이","CHP-7212N","정수기","https://www.rentalsegye.com/product.php?no=41298&cid=1377&gid=1424"
"matched","coway-chp-7212n-2","코웨이","CHP-7212N","코웨이","CHP-7212N","정수기","https://www.rentalsegye.com/product.php?no=41298&cid=1377&gid=1424"
"matched","coway-chp-7220n","코웨이","CHP-7220N","코웨이","CHP-7220N","정수기","https://www.rentalsegye.com/product.php?no=47139&cid=1377&gid=1424"
"matched","coway-chp-7220n-2","코웨이","CHP-7220N","코웨이","CHP-7220N","정수기","https://www.rentalsegye.com/product.php?no=47139&cid=1377&gid=1424"
"matched","chungho-wi-37c90720n","청호나이스","WI-37C90720N","청호나이스","WI-37C90720N","정수기","https://www.rentalsegye.com/product.php?no=47810&cid=1377&gid=1424"
"matched","coway-chpi-7430n","코웨이","CHPI-7430N","코웨이","CHPI-7430N","정수기","https://www.rentalsegye.com/product.php?no=43137&cid=1377&gid=1424"
"matched","coway-chpi-7430n-2","코웨이","CHPI-7430N","코웨이","CHPI-7430N","정수기","https://www.rentalsegye.com/product.php?no=43137&cid=1377&gid=1424"
"matched","coway-chpi-7410n","코웨이","CHPI-7410N","코웨이","CHPI-7410N","정수기","https://www.rentalsegye.com/product.php?no=43140&cid=1377&gid=1424"
"matched","coway-chpi-7410n-2","코웨이","CHPI-7410N","코웨이","CHPI-7410N","정수기","https://www.rentalsegye.com/product.php?no=43140&cid=1377&gid=1424"
"matched","coway-chpi-7420n","코웨이","CHPI-7420N","코웨이","CHPI-7420N","정수기","https://www.rentalsegye.com/product.php?no=43527&cid=1377&gid=1424"
"matched","coway-chpi-7420n-2","코웨이","CHPI-7420N","코웨이","CHPI-7420N","정수기","https://www.rentalsegye.com/product.php?no=43527&cid=1377&gid=1424"
"unmatched_remote","","","","현대큐밍","HQPM11C","정수기","https://www.rentalsegye.com/product.php?no=32998&cid=1377&gid=1424"
"matched","cuckoo-cp-u011w-b","쿠쿠","CP-U011W/B","쿠쿠","CP-U011W/B","정수기","https://www.rentalsegye.com/product.php?no=19824&cid=1377&gid=1424"
"unmatched_remote","","","","쿠쿠","CP-ABS100GWH/GPK","정수기","https://www.rentalsegye.com/product.php?no=27966&cid=1377&gid=1424"
"matched","coway-chp-6340l","코웨이","CHP-6340L","코웨이","CHP-6340L","정수기","https://www.rentalsegye.com/product.php?no=33089&cid=1377&gid=1424"
"unmatched_remote","","","","쿠쿠","CP-AHS100HEW/EG/EBR/EB/PK","정수기","https://www.rentalsegye.com/product.php?no=36388&cid=1377&gid=1424"
"unmatched_remote","","","","LG","WU523ACB/WB","정수기","https://www.rentalsegye.com/product.php?no=38406&cid=1377&gid=1424"
"unmatched_remote","","","","웰스","WP270UWA","정수기","https://www.rentalsegye.com/product.php?no=24544&cid=1377&gid=1424"
"unmatched_remote","","","","웰스","WP270UWA","정수기","https://www.rentalsegye.com/product.php?no=24545&cid=1377&gid=1424"
"unmatched_remote","","","","LG","WD221MCB/NB","정수기","https://www.rentalsegye.com/product.php?no=37469&cid=1377&gid=1424"
"matched","coway-chp-700l","코웨이","CHP-700L","코웨이","CHP-700L","정수기","https://www.rentalsegye.com/product.php?no=11145&cid=1377&gid=1424"
"matched","coway-chp-5700r","코웨이","CHP-5700R","코웨이","CHP-5700R","정수기","https://www.rentalsegye.com/product.php?no=11147&cid=1377&gid=1424"
"matched","coway-chpi-620l","코웨이","CHPI-620L","코웨이","CHPI-620L","정수기","https://www.rentalsegye.com/product.php?no=11180&cid=1377&gid=1424"
"matched","coway-chpi-5801l","코웨이","CHPI-5801L","코웨이","CHPI-5801L","정수기","https://www.rentalsegye.com/product.php?no=11187&cid=1377&gid=1424"
"matched","coway-chpi-5801l-2","코웨이","CHPI-5801L","코웨이","CHPI-5801L","정수기","https://www.rentalsegye.com/product.php?no=11187&cid=1377&gid=1424"
"matched","coway-cpsi-8510l","코웨이","CPSI-8510L","코웨이","CPSI-8510L","정수기","https://www.rentalsegye.com/product.php?no=11237&cid=1377&gid=1424"
"matched","coway-cpsi-8510l-2","코웨이","CPSI-8510L","코웨이","CPSI-8510L","정수기","https://www.rentalsegye.com/product.php?no=11237&cid=1377&gid=1424"
"matched","cuckoo-cp-ts100ws-dsl-gwh-gpk","쿠쿠","CP-TS100WS/DSL/GWH/GPK","쿠쿠","CP-TS100WS/DSL/GWH/GPK","정수기","https://www.rentalsegye.com/product.php?no=11284&cid=1377&gid=1424"
"matched","cuckoo-cp-qn3002s","쿠쿠","CP-QN3002S","쿠쿠","CP-QN3002S","정수기","https://www.rentalsegye.com/product.php?no=11311&cid=1377&gid=1424"
"unmatched_remote","","","","현대큐밍","P-B30S","정수기","https://www.rentalsegye.com/product.php?no=11361&cid=1377&gid=1424"
"matched","hyundai-p-p32cs","현대큐밍","P-P32CS","현대큐밍","P-P32CS","정수기","https://www.rentalsegye.com/product.php?no=11366&cid=1377&gid=1424"
"matched","hyundai-p-p32ss","현대큐밍","P-P32SS","현대큐밍","P-P32SS","정수기","https://www.rentalsegye.com/product.php?no=11367&cid=1377&gid=1424"
"unmatched_remote","","","","현대큐밍","P-R40C(R)S","정수기","https://www.rentalsegye.com/product.php?no=11371&cid=1377&gid=1424"
"matched","hyundai-p-m15cb","현대큐밍","P-M15CB","현대큐밍","P-M15CB","정수기","https://www.rentalsegye.com/product.php?no=11379&cid=1377&gid=1424"
"matched","chungho-wp-45s9p010m","청호나이스","WP-45S9P010M","청호나이스","WP-45S9P010M","정수기","https://www.rentalsegye.com/product.php?no=11392&cid=1377&gid=1424"
"matched","chungho-wp-43c60000m","청호나이스","WP-43C60000M","청호나이스","WP-43C60000M","정수기","https://www.rentalsegye.com/product.php?no=11396&cid=1377&gid=1424"
"matched","chungho-wp-45c90020m","청호나이스","WP-45C90020M","청호나이스","WP-45C90020M","정수기","https://www.rentalsegye.com/product.php?no=11404&cid=1377&gid=1424"
"matched","cuckoo-cp-w601sw","쿠쿠","CP-W601SW","쿠쿠","CP-W601SW","정수기","https://www.rentalsegye.com/product.php?no=28120&cid=1377&gid=1424"
"matched","cuckoo-cp-w602sw","쿠쿠","CP-W602SW","쿠쿠","CP-W602SW","정수기","https://www.rentalsegye.com/product.php?no=28121&cid=1377&gid=1424"
"matched","chungho-wp-30c9560bn","청호나이스","WP-30C9560BN","청호나이스","WP-30C9560BN","정수기","https://www.rentalsegye.com/product.php?no=14943&cid=1377&gid=1424"
"unmatched_remote","","","","현대큐밍","P-B30C","정수기","https://www.rentalsegye.com/product.php?no=15221&cid=1377&gid=1424"
"matched","coway-chpi-7521l","코웨이","CHPI-7521L","코웨이","CHPI-7521L","정수기","https://www.rentalsegye.com/product.php?no=41335&cid=1377&gid=1424"
"matched","coway-chpi-7521l-2","코웨이","CHPI-7521L","코웨이","CHPI-7521L","정수기","https://www.rentalsegye.com/product.php?no=41335&cid=1377&gid=1424"
"matched","coway-cpi-7511l","코웨이","CPI-7511L","코웨이","CPI-7511L","정수기","https://www.rentalsegye.com/product.php?no=17341&cid=1377&gid=1424"
"matched","coway-cpi-7511l-2","코웨이","CPI-7511L","코웨이","CPI-7511L","정수기","https://www.rentalsegye.com/product.php?no=17341&cid=1377&gid=1424"
"matched","coway-chpi-7511l","코웨이","CHPI-7511L","코웨이","CHPI-7511L","정수기","https://www.rentalsegye.com/product.php?no=17343&cid=1377&gid=1424"
"matched","coway-chpi-7511l-2","코웨이","CHPI-7511L","코웨이","CHPI-7511L","정수기","https://www.rentalsegye.com/product.php?no=17343&cid=1377&gid=1424"
"matched","wells-wk470","웰스","WK470","웰스","WK470","정수기","https://www.rentalsegye.com/product.php?no=18011&cid=1377&gid=1424"
"matched","hyundai-p-a52c","현대큐밍","P-A52C","현대큐밍","P-A52C","정수기","https://www.rentalsegye.com/product.php?no=19340&cid=1377&gid=1424"
"matched","hyundai-p-a52s","현대큐밍","P-A52S","현대큐밍","P-A52S","정수기","https://www.rentalsegye.com/product.php?no=19341&cid=1377&gid=1424"
"unmatched_remote","","","","쿠쿠","CP-DN2001S","정수기","https://www.rentalsegye.com/product.php?no=19829&cid=1377&gid=1424"
"matched","chungho-wi-53c9600m","청호나이스","WI-53C9600M","청호나이스","WI-53C9600M","정수기","https://www.rentalsegye.com/product.php?no=19867&cid=1377&gid=1424"
"matched","chungho-wi-53c8600m","청호나이스","WI-53C8600M","청호나이스","WI-53C8600M","정수기","https://www.rentalsegye.com/product.php?no=19869&cid=1377&gid=1424"
"matched","chungho-wp-40c60000m","청호나이스","WP-40C60000M","청호나이스","WP-40C60000M","정수기","https://www.rentalsegye.com/product.php?no=19880&cid=1377&gid=1424"
"unmatched_remote","","","","웰스","WM071RWA","정수기","https://www.rentalsegye.com/product.php?no=19901&cid=1377&gid=1424"
"matched","lg-wd325as","LG","WD325AS","LG","WD325AS","정수기","https://www.rentalsegye.com/product.php?no=20169&cid=1377&gid=1424"
"unmatched_remote","","","","LG","WD525ACB/GB","정수기","https://www.rentalsegye.com/product.php?no=20174&cid=1377&gid=1424"
"matched","cuckoo-cp-ws601sw","쿠쿠","CP-WS601SW","쿠쿠","CP-WS601SW","정수기","https://www.rentalsegye.com/product.php?no=21741&cid=1377&gid=1424"
"matched","coway-chp-3140n","코웨이","CHP-3140N","코웨이","CHP-3140N","정수기","https://www.rentalsegye.com/product.php?no=20909&cid=1377&gid=1424"
"matched","coway-chp-8200n","코웨이","CHP-8200N","코웨이","CHP-8200N","정수기","https://www.rentalsegye.com/product.php?no=20913&cid=1377&gid=1424"
"matched","coway-chp-8210n","코웨이","CHP-8210N","코웨이","CHP-8210N","정수기","https://www.rentalsegye.com/product.php?no=21671&cid=1377&gid=1424"
"matched","coway-p-6320l","코웨이","P-6320L","코웨이","P-6320L","정수기","https://www.rentalsegye.com/product.php?no=21669&cid=1377&gid=1424"
"matched","cuckoo-cp-ws601hw","쿠쿠","CP-WS601HW","쿠쿠","CP-WS601HW","정수기","https://www.rentalsegye.com/product.php?no=21740&cid=1377&gid=1424"
"unmatched_remote","","","","웰스","WQ271UWA","정수기","https://www.rentalsegye.com/product.php?no=31351&cid=1377&gid=1424"
"matched","coway-chp-8310l","코웨이","CHP-8310L","코웨이","CHP-8310L","정수기","https://www.rentalsegye.com/product.php?no=21996&cid=1377&gid=1424"
"matched","hyundai-p-r40ss","현대큐밍","P-R40SS","현대큐밍","P-R40SS","정수기","https://www.rentalsegye.com/product.php?no=22107&cid=1377&gid=1424"
"matched","cuckoo-cp-w602hw","쿠쿠","CP-W602HW","쿠쿠","CP-W602HW","정수기","https://www.rentalsegye.com/product.php?no=26995&cid=1377&gid=1424"
"matched","cuckoo-cp-w601hw","쿠쿠","CP-W601HW","쿠쿠","CP-W601HW","정수기","https://www.rentalsegye.com/product.php?no=27967&cid=1377&gid=1424"
"unmatched_remote","","","","현대큐밍","HQP-M50SW","정수기","https://www.rentalsegye.com/product.php?no=29669&cid=1377&gid=1424"
"unmatched_remote","","","","웰스","WP610NWA","정수기","https://www.rentalsegye.com/product.php?no=26417&cid=1377&gid=1424"
"matched","chungho-wp-60c90520m","청호나이스","WP-60C90520M","청호나이스","WP-60C90520M","정수기","https://www.rentalsegye.com/product.php?no=25986&cid=1377&gid=1424"
"matched","chungho-wp-60c90520m-2","청호나이스","WP-60C90520M","청호나이스","WP-60C90520M","정수기","https://www.rentalsegye.com/product.php?no=25986&cid=1377&gid=1424"
"matched","coway-chpi-7400n","코웨이","CHPI-7400N","코웨이","CHPI-7400N","정수기","https://www.rentalsegye.com/product.php?no=26137&cid=1377&gid=1424"
"matched","coway-chpi-7400n-2","코웨이","CHPI-7400N","코웨이","CHPI-7400N","정수기","https://www.rentalsegye.com/product.php?no=26137&cid=1377&gid=1424"
"unmatched_remote","","","","청호나이스","WI-60C80521M","정수기","https://www.rentalsegye.com/product.php?no=37398&cid=1377&gid=1424"
"matched","chungho-wp-46s9p510m","청호나이스","WP-46S9P510M","청호나이스","WP-46S9P510M","정수기","https://www.rentalsegye.com/product.php?no=26423&cid=1377&gid=1424"
"matched","chungho-wp-46s90510m","청호나이스","WP-46S90510M","청호나이스","WP-46S90510M","정수기","https://www.rentalsegye.com/product.php?no=26424&cid=1377&gid=1424"
"matched","coway-chpi-5810l","코웨이","CHPI-5810L","코웨이","CHPI-5810L","정수기","https://www.rentalsegye.com/product.php?no=26427&cid=1377&gid=1424"
"matched","chungho-wp-30s50010n","청호나이스","WP-30S50010N","청호나이스","WP-30S50010N","정수기","https://www.rentalsegye.com/product.php?no=27607&cid=1377&gid=1424"
"unmatched_remote","","","","쿠쿠","CP-AHSC100HEB/EW","정수기","https://www.rentalsegye.com/product.php?no=40255&cid=1377&gid=1424"
"matched","coway-chp-5720l","코웨이","CHP-5720L","코웨이","CHP-5720L","정수기","https://www.rentalsegye.com/product.php?no=29671&cid=1377&gid=1424"
"matched","cuckoo-cp-ad011ugw","쿠쿠","CP-AD011UGW","쿠쿠","CP-AD011UGW","정수기","https://www.rentalsegye.com/product.php?no=33327&cid=1377&gid=1424"
"unmatched_remote","","","","현대큐밍","HQP-M40SW","정수기","https://www.rentalsegye.com/product.php?no=29169&cid=1377&gid=1424"
"unmatched_remote","","","","현대큐밍","HQP-M50SW","정수기","https://www.rentalsegye.com/product.php?no=29170&cid=1377&gid=1424"
"unmatched_remote","","","","웰스","WQ171UWA","정수기","https://www.rentalsegye.com/product.php?no=31350&cid=1377&gid=1424"
"matched","hyundai-hqpg30sw0e","현대큐밍","HQPG30SW0E","현대큐밍","HQPG30SW0E","정수기","https://www.rentalsegye.com/product.php?no=39592&cid=1377&gid=1424"
"matched","cuckoo-cp-ae502hw","쿠쿠","CP-AE502HW","쿠쿠","CP-AE502HW","정수기","https://www.rentalsegye.com/product.php?no=32842&cid=1377&gid=1424"
"matched","cuckoo-cp-qrp3002s","쿠쿠","CP-QRP3002S","쿠쿠","CP-QRP3002S","정수기","https://www.rentalsegye.com/product.php?no=30061&cid=1377&gid=1424"
"unmatched_remote","","","","웰스","WQ652NWR","정수기","https://www.rentalsegye.com/product.php?no=30055&cid=1377&gid=1424"
"matched","wells-wq672","웰스","WQ672","웰스","WQ672","정수기","https://www.rentalsegye.com/product.php?no=30056&cid=1377&gid=1424"
"matched","chungho-wi-70s90010m","청호나이스","WI-70S90010M","청호나이스","WI-70S90010M","정수기","https://www.rentalsegye.com/product.php?no=33634&cid=1377&gid=1424"
"matched","cuckoo-cp-wrp602sw","쿠쿠","CP-WRP602SW","쿠쿠","CP-WRP602SW","정수기","https://www.rentalsegye.com/product.php?no=30248&cid=1377&gid=1424"
"matched","chungho-wp-50s90010m","청호나이스","WP-50S90010M","청호나이스","WP-50S90010M","정수기","https://www.rentalsegye.com/product.php?no=32843&cid=1377&gid=1424"
"unmatched_remote","","","","쿠쿠","CP-SS100WSV","정수기","https://www.rentalsegye.com/product.php?no=31348&cid=1377&gid=1424"
"matched","chungho-wi-80s9p510m","청호나이스","WI-80S9P510M","청호나이스","WI-80S9P510M","정수기","https://www.rentalsegye.com/product.php?no=32177&cid=1377&gid=1424"
"matched","chungho-wp-80s9p510m","청호나이스","WP-80S9P510M","청호나이스","WP-80S9P510M","정수기","https://www.rentalsegye.com/product.php?no=34599&cid=1377&gid=1424"
"unmatched_remote","","","","웰스","WR872MWA","정수기","https://www.rentalsegye.com/product.php?no=36099&cid=1377&gid=1424"
"matched","coway-p-350n","코웨이","P-350N","코웨이","P-350N","정수기","https://www.rentalsegye.com/product.php?no=32260&cid=1377&gid=1424"
"unmatched_remote","","","","LG","WD323ACB/WB","정수기","https://www.rentalsegye.com/product.php?no=32284&cid=1377&gid=1424"
"matched","cuckoo-cp-acs1610snw","쿠쿠","CP-ACS1610SNW","쿠쿠","CP-ACS1610SNW","정수기","https://www.rentalsegye.com/product.php?no=32596&cid=1377&gid=1424"
"matched","cuckoo-cp-wr602hw","쿠쿠","CP-WR602HW","쿠쿠","CP-WR602HW","정수기","https://www.rentalsegye.com/product.php?no=32597&cid=1377&gid=1424"
"unmatched_remote","","","","쿠쿠","CP-AAS100ULDS/ULW","정수기","https://www.rentalsegye.com/product.php?no=32839&cid=1377&gid=1424"
"unmatched_remote","","","","현대큐밍","HQPM14C","정수기","https://www.rentalsegye.com/product.php?no=32999&cid=1377&gid=1424"
"matched","coway-cp-6340l","코웨이","CP-6340L","코웨이","CP-6340L","정수기","https://www.rentalsegye.com/product.php?no=33088&cid=1377&gid=1424"
"unmatched_remote","","","","쿠쿠","CP-ABSC100GWH/PK","정수기","https://www.rentalsegye.com/product.php?no=34424&cid=1377&gid=1424"
"matched","lg-wu823as","LG","WU823AS","LG","WU823AS","정수기","https://www.rentalsegye.com/product.php?no=34643&cid=1377&gid=1424"
"matched","coway-chp-5711l","코웨이","CHP-5711L","코웨이","CHP-5711L","정수기","https://www.rentalsegye.com/product.php?no=36838&cid=1377&gid=1424"
"unmatched_remote","","","","LG","WD121MCB/NB","정수기","https://www.rentalsegye.com/product.php?no=34816&cid=1377&gid=1424"
"matched","cesco-ewbs551","세스코","EWBS551","세스코","EWBS551","정수기","https://www.rentalsegye.com/product.php?no=35123&cid=1377&gid=1424"
"matched","cesco-ew-210","세스코","EW-210","세스코","EW-210","정수기","https://www.rentalsegye.com/product.php?no=35128&cid=1377&gid=1424"
"matched","cesco-ewbd351","세스코","EWBD351","세스코","EWBD351","정수기","https://www.rentalsegye.com/product.php?no=35130&cid=1377&gid=1424"
"matched","cesco-ewbs351","세스코","EWBS351","세스코","EWBS351","정수기","https://www.rentalsegye.com/product.php?no=35131&cid=1377&gid=1424"
"matched","cesco-ewed351","세스코","EWED351","세스코","EWED351","정수기","https://www.rentalsegye.com/product.php?no=42482&cid=1377&gid=1424"
"matched","cesco-ewbd151","세스코","EWBD151","세스코","EWBD151","정수기","https://www.rentalsegye.com/product.php?no=36777&cid=1377&gid=1424"
"matched","cuckoo-cp-f603hw","쿠쿠","CP-F603HW","쿠쿠","CP-F603HW","정수기","https://www.rentalsegye.com/product.php?no=36097&cid=1377&gid=1424"
"unmatched_remote","","","","현대큐밍","HQPS1CYOE","정수기","https://www.rentalsegye.com/product.php?no=36487&cid=1377&gid=1424"
"matched","coway-chp-5711r","코웨이","CHP-5711R","코웨이","CHP-5711R","정수기","https://www.rentalsegye.com/product.php?no=36839&cid=1377&gid=1424"
"matched","chungho-wi-70s9p010m","청호나이스","WI-70S9P010M","청호나이스","WI-70S9P010M","정수기","https://www.rentalsegye.com/product.php?no=36869&cid=1377&gid=1424"
"unmatched_remote","","","","청호나이스","WI-60C90521M","정수기","https://www.rentalsegye.com/product.php?no=37346&cid=1377&gid=1424"
"unmatched_remote","","","","현대큐밍","HQPI73CG0E","정수기","https://www.rentalsegye.com/product.php?no=37177&cid=1377&gid=1424"
"matched","cesco-ewdd951","세스코","EWDD951","세스코","EWDD951","정수기","https://www.rentalsegye.com/product.php?no=37266&cid=1377&gid=1424"
"matched","chungho-wi-55s90510m","청호나이스","WI-55S90510M","청호나이스","WI-55S90510M","정수기","https://www.rentalsegye.com/product.php?no=37651&cid=1377&gid=1424"
"matched","chungho-wi-55s9p510m","청호나이스","WI-55S9P510M","청호나이스","WI-55S9P510M","정수기","https://www.rentalsegye.com/product.php?no=37652&cid=1377&gid=1424"
"matched","chungho-wp-60c90511m","청호나이스","WP-60C90511M","청호나이스","WP-60C90511M","정수기","https://www.rentalsegye.com/product.php?no=38260&cid=1377&gid=1424"
"matched","chungho-wp-60c80511m","청호나이스","WP-60C80511M","청호나이스","WP-60C80511M","정수기","https://www.rentalsegye.com/product.php?no=38263&cid=1377&gid=1424"
"matched","cuckoo-cp-acsr1620sw","쿠쿠","CP-ACSR1620SW","쿠쿠","CP-ACSR1620SW","정수기","https://www.rentalsegye.com/product.php?no=38278&cid=1377&gid=1424"
"matched","lg-wu523as","LG","WU523AS","LG","WU523AS","정수기","https://www.rentalsegye.com/product.php?no=38413&cid=1377&gid=1424"
"matched","chungho-wp-50c90621n","청호나이스","WP-50C90621N","청호나이스","WP-50C90621N","정수기","https://www.rentalsegye.com/product.php?no=38532&cid=1377&gid=1424"
"matched","cuckoo-cp-afrp1601sw","쿠쿠","CP-AFRP1601SW","쿠쿠","CP-AFRP1601SW","정수기","https://www.rentalsegye.com/product.php?no=47174&cid=1377&gid=1424"
"matched","chungho-wp-30c9460bn","청호나이스","WP-30C9460BN","청호나이스","WP-30C9460BN","정수기","https://www.rentalsegye.com/product.php?no=39229&cid=1377&gid=1424"
"matched","chungho-wp-30c8460n","청호나이스","WP-30C8460N","청호나이스","WP-30C8460N","정수기","https://www.rentalsegye.com/product.php?no=39299&cid=1377&gid=1424"
"matched","hyundai-hqpg30cw0e","현대큐밍","HQPG30CW0E","현대큐밍","HQPG30CW0E","정수기","https://www.rentalsegye.com/product.php?no=39591&cid=1377&gid=1424"
"matched","wells-ws672","웰스","WS672","웰스","WS672","정수기","https://www.rentalsegye.com/product.php?no=40916&cid=1377&gid=1424"
"matched","wells-ws674","웰스","WS674","웰스","WS674","정수기","https://www.rentalsegye.com/product.php?no=40917&cid=1377&gid=1424"
"matched","cuckoo-cp-af1601sw","쿠쿠","CP-AF1601SW","쿠쿠","CP-AF1601SW","정수기","https://www.rentalsegye.com/product.php?no=41402&cid=1377&gid=1424"
"unmatched_remote","","","","코웨이","CHP-1111N","정수기","https://www.rentalsegye.com/product.php?no=41303&cid=1377&gid=1424"
"matched","coway-p-2200n","코웨이","P-2200N","코웨이","P-2200N","정수기","https://www.rentalsegye.com/product.php?no=41338&cid=1377&gid=1424"
"matched","cuckoo-cp-aks011eg-ep-gb","쿠쿠","CP-AKS011EG/EP/GB","쿠쿠","CP-AKS011EG/EP/GB","정수기","https://www.rentalsegye.com/product.php?no=41404&cid=1377&gid=1424"
"matched","hyundai-hqpa70sw0g","현대큐밍","HQPA70SW0G","현대큐밍","HQPA70SW0G","정수기","https://www.rentalsegye.com/product.php?no=47835&cid=1377&gid=1424"
"matched","chungho-wp-30b90620n","청호나이스","WP-30B90620N","청호나이스","WP-30B90620N","정수기","https://www.rentalsegye.com/product.php?no=42283&cid=1377&gid=1424"
"matched","chungho-wp-50c80621n","청호나이스","WP-50C80621N","청호나이스","WP-50C80621N","정수기","https://www.rentalsegye.com/product.php?no=42309&cid=1377&gid=1424"
"unmatched_remote","","","","LG","WD524V(C/H/S)T","정수기","https://www.rentalsegye.com/product.php?no=42360&cid=1377&gid=1424"
"unmatched_remote","","","","LG","WD523V(C/H/S/P/M)T","정수기","https://www.rentalsegye.com/product.php?no=42361&cid=1377&gid=1424"
"matched","cesco-ewes351","세스코","EWES351","세스코","EWES351","정수기","https://www.rentalsegye.com/product.php?no=42483&cid=1377&gid=1424"
"matched","cesco-ewes551","세스코","EWES551","세스코","EWES551","정수기","https://www.rentalsegye.com/product.php?no=42484&cid=1377&gid=1424"
"unmatched_remote","","","","LG","WD520VCT","정수기","https://www.rentalsegye.com/product.php?no=42753&cid=1377&gid=1424"
"matched","coway-chp-5730l","코웨이","CHP-5730L","코웨이","CHP-5730L","정수기","https://www.rentalsegye.com/product.php?no=47010&cid=1377&gid=1424"
"matched","coway-chp-5730r","코웨이","CHP-5730R","코웨이","CHP-5730R","정수기","https://www.rentalsegye.com/product.php?no=47011&cid=1377&gid=1424"
"matched","cuckoo-cp-dn1201s","쿠쿠","CP-DN1201S","쿠쿠","CP-DN1201S","정수기","https://www.rentalsegye.com/product.php?no=47173&cid=1377&gid=1424"
"matched","coway-cpi-7410n","코웨이","CPI-7410N","코웨이","CPI-7410N","정수기","https://www.rentalsegye.com/product.php?no=43138&cid=1377&gid=1424"
"matched","coway-cpi-7410n-2","코웨이","CPI-7410N","코웨이","CPI-7410N","정수기","https://www.rentalsegye.com/product.php?no=43138&cid=1377&gid=1424"
"unmatched_remote","","","","쿠쿠","CP-AMS100EBE/WH/BR/PK/BK","정수기","https://www.rentalsegye.com/product.php?no=43680&cid=1377&gid=1424"
"matched","lg-ws511sh","LG","WS511SH","LG","WS511SH","정수기","https://www.rentalsegye.com/product.php?no=46971&cid=1377&gid=1424"
"matched","cuckoo-cp-f603sw","쿠쿠","CP-F603SW","쿠쿠","CP-F603SW","정수기","https://www.rentalsegye.com/product.php?no=45160&cid=1377&gid=1424"
"matched","cesco-ewes552","세스코","EWES552","세스코","EWES552","정수기","https://www.rentalsegye.com/product.php?no=45438&cid=1377&gid=1424"
"matched","cesco-ewes752","세스코","EWES752","세스코","EWES752","정수기","https://www.rentalsegye.com/product.php?no=45440&cid=1377&gid=1424"
"matched","cesco-ewes751","세스코","EWES751","세스코","EWES751","정수기","https://www.rentalsegye.com/product.php?no=45442&cid=1377&gid=1424"
"matched","coway-chpi-5830l","코웨이","CHPI-5830L","코웨이","CHPI-5830L","정수기","https://www.rentalsegye.com/product.php?no=45924&cid=1377&gid=1424"
"unmatched_remote","","","","LG","WD722RK/WD722RH/WD722RE","정수기","https://www.rentalsegye.com/product.php?no=46340&cid=1377&gid=1424"
"unmatched_remote","","","","웰스","WT652NWA","정수기","https://www.rentalsegye.com/product.php?no=47211&cid=1377&gid=1424"
"matched","lg-ws513sh","LG","WS513SH","LG","WS513SH","정수기","https://www.rentalsegye.com/product.php?no=46970&cid=1377&gid=1424"
"matched","coway-chp-5730n","코웨이","CHP-5730N","코웨이","CHP-5730N","정수기","https://www.rentalsegye.com/product.php?no=47015&cid=1377&gid=1424"
"matched","coway-cp-7220n","코웨이","CP-7220N","코웨이","CP-7220N","정수기","https://www.rentalsegye.com/product.php?no=47141&cid=1377&gid=1424"
"matched","coway-cp-7220n-2","코웨이","CP-7220N","코웨이","CP-7220N","정수기","https://www.rentalsegye.com/product.php?no=47141&cid=1377&gid=1424"
"matched","chungho-wp-31s90010n","청호나이스","WP-31S90010N","청호나이스","WP-31S90010N","정수기","https://www.rentalsegye.com/product.php?no=47200&cid=1377&gid=1424"
"unmatched_remote","","","","웰스","WT672NWA","정수기","https://www.rentalsegye.com/product.php?no=47212&cid=1377&gid=1424"
"unmatched_remote","","","","쿠쿠","CP-AHS101HEW","정수기","https://www.rentalsegye.com/product.php?no=47913&cid=1377&gid=1424"
"matched","lg-wd723r-k-e","LG","WD723R(K/E)","LG","WD723RK/E","정수기","https://www.rentalsegye.com/product.php?no=50222&cid=1377&gid=1424"
"matched","lg-wd724r-k-h-e","LG","WD724R(K/H/E)","LG","WD724RK/H/E","정수기","https://www.rentalsegye.com/product.php?no=50796&cid=1377&gid=1424"
"unmatched_remote","","","","웰스","WR974","정수기","https://www.rentalsegye.com/product.php?no=51128&cid=1377&gid=1424"
"matched","coway-chpi-5820l","코웨이","CHPI-5820L","코웨이","CHPI-5820L","정수기","https://www.rentalsegye.com/product.php?no=48331&cid=1377&gid=1424"
"matched","coway-chpi-5820l-2","코웨이","CHPI-5820L","코웨이","CHPI-5820L","정수기","https://www.rentalsegye.com/product.php?no=48331&cid=1377&gid=1424"
"matched","cuckoo-cp-ajs821sw","쿠쿠","CP-AJS821SW","쿠쿠","CP-AJS821SW","정수기","https://www.rentalsegye.com/product.php?no=47914&cid=1377&gid=1424"
"matched","lg-wd520acb","LG","WD520ACB","LG","WD520ACB","정수기","https://www.rentalsegye.com/product.php?no=48609&cid=1377&gid=1424"
"matched","cuckoo-cp-aqs100ewh","쿠쿠","CP-AQS100EWH","쿠쿠","CP-AQS100EWH","정수기","https://www.rentalsegye.com/product.php?no=48050&cid=1377&gid=1424"
"unmatched_remote","","","","코웨이","CHP-7211N_V2","정수기","https://www.rentalsegye.com/product.php?no=48835&cid=1377&gid=1424"
"unmatched_remote","","","","쿠쿠","CP-SS101WSV","정수기","https://www.rentalsegye.com/product.php?no=49323&cid=1377&gid=1424"
"unmatched_remote","","","","코웨이","CP-7211N_V2","정수기","https://www.rentalsegye.com/product.php?no=49384&cid=1377&gid=1424"
"matched","chungho-wf-60c90521m","청호나이스","WF-60C90521M","청호나이스","WF-60C90521M","정수기","https://www.rentalsegye.com/product.php?no=49481&cid=1377&gid=1424"
"matched","hyundai-hqpd11cc0g","현대큐밍","HQPD11CC0G","현대큐밍","HQPD11CC0G","정수기","https://www.rentalsegye.com/product.php?no=50184&cid=1377&gid=1424"
"unmatched_remote","","","","LG","WU923ACB/WB/NB/BB","정수기","https://www.rentalsegye.com/product.php?no=50699&cid=1377&gid=1424"
"unmatched_remote","","","","LG","WU923AS","정수기","https://www.rentalsegye.com/product.php?no=50701&cid=1377&gid=1424"
"unmatched_remote","","","","현대큐밍","HQPM15C40G/60G","정수기","https://www.rentalsegye.com/product.php?no=51072&cid=1377&gid=1424"
"unmatched_remote","","","","코웨이","CHPCI-8400N","정수기","https://www.rentalsegye.com/product.php?no=51124&cid=1377&gid=1424"
"unmatched_remote","","","","LG","WD520MC","정수기","https://www.rentalsegye.com/product.php?no=51130&cid=1377&gid=1424"
"matched","coway-mc-sc01","코웨이","MC-SC01","코웨이","MC-SC01","안마의자","https://www.rentalsegye.com/product.php?no=21408&cid=1378&gid=1404"
"unmatched_remote","","","","웰스","HN877TOA","안마의자","https://www.rentalsegye.com/product.php?no=22194&cid=1378&gid=1404"
"unmatched_remote","","","","LG","MH67BR","안마의자","https://www.rentalsegye.com/product.php?no=35254&cid=1378&gid=1404"
"matched","coway-mc-c01","코웨이","MC-C01","코웨이","MC-C01","안마의자","https://www.rentalsegye.com/product.php?no=34252&cid=1378&gid=1404"
"unmatched_remote","","","","웰스","HR768","안마의자","https://www.rentalsegye.com/product.php?no=34951&cid=1378&gid=1404"
"unmatched_remote","","","","LG","MH20BR","안마의자","https://www.rentalsegye.com/product.php?no=37079&cid=1378&gid=1404"
"matched","coway-mc-b02","코웨이","MC-B02","코웨이","MC-B02","안마의자","https://www.rentalsegye.com/product.php?no=37847&cid=1378&gid=1404"
"unmatched_remote","","","","청호나이스","MC-250W","안마의자","https://www.rentalsegye.com/product.php?no=39423&cid=1378&gid=1404"
"matched","coway-mc-r01","코웨이","MC-R01","코웨이","MC-R01","안마의자","https://www.rentalsegye.com/product.php?no=39713&cid=1378&gid=1404"
"matched","coway-mc-b03","코웨이","MC-B03","코웨이","MC-B03","안마의자","https://www.rentalsegye.com/product.php?no=39718&cid=1378&gid=1404"
"unmatched_remote","","","","LG","MH81RR","안마의자","https://www.rentalsegye.com/product.php?no=42060&cid=1378&gid=1404"
"unmatched_remote","","","","LG","MH65CC","안마의자","https://www.rentalsegye.com/product.php?no=42061&cid=1378&gid=1404"
"unmatched_remote","","","","청호나이스","MC-300W","안마의자","https://www.rentalsegye.com/product.php?no=43678&cid=1378&gid=1404"
"matched","chungho-안마의자-mc-700w","청호나이스","안마의자 MC-700W","청호나이스","MC-700W","안마의자","https://www.rentalsegye.com/product.php?no=43679&cid=1378&gid=1404"
"matched","coway-mb-r05m","코웨이","MB-R05M","코웨이","MB-R05M","안마의자","https://www.rentalsegye.com/product.php?no=47504&cid=1378&gid=1404"
"matched","coway-mb-m05m","코웨이","MB-M05M","코웨이","MB-M05M","안마의자","https://www.rentalsegye.com/product.php?no=47507&cid=1378&gid=1404"
"matched","coway-mb-r03m","코웨이","MB-R03M","코웨이","MB-R03M","안마의자","https://www.rentalsegye.com/product.php?no=47509&cid=1378&gid=1404"
"matched","coway-mb-m03m","코웨이","MB-M03M","코웨이","MB-M03M","안마의자","https://www.rentalsegye.com/product.php?no=47510&cid=1378&gid=1404"
"unmatched_remote","","","","코웨이","MC-C02AT","안마의자","https://www.rentalsegye.com/product.php?no=47512&cid=1378&gid=1404"
"unmatched_remote","","","","쿠쿠","CMS-F410CB","안마의자","https://www.rentalsegye.com/product.php?no=47528&cid=1378&gid=1404"
"matched","chungho-chdh-120ja","청호나이스","CHDH-120JA","청호나이스","CHDH-120JA","공기청정기","https://www.rentalsegye.com/product.php?no=19673&cid=1379&gid=1407"
"matched","cuckoo-ac-28w10fws","쿠쿠","AC-28W10FWS","쿠쿠","AC-28W10FWS","공기청정기","https://www.rentalsegye.com/product.php?no=11327&cid=1379&gid=1407"
"matched","cuckoo-ac-25w10fws","쿠쿠","AC-25W10FWS","쿠쿠","AC-25W10FWS","공기청정기","https://www.rentalsegye.com/product.php?no=11328&cid=1379&gid=1407"
"matched","hyundai-a-c102w","현대큐밍","A-C102W","현대큐밍","A-C102W","공기청정기","https://www.rentalsegye.com/product.php?no=11381&cid=1379&gid=1407"
"matched","coway-ap-1019d","코웨이","AP-1019D","코웨이","AP-1019D","공기청정기","https://www.rentalsegye.com/product.php?no=11427&cid=1379&gid=1407"
"matched","coway-ap-3525i","코웨이","AP-3525I","코웨이","AP-3525I","공기청정기","https://www.rentalsegye.com/product.php?no=43239&cid=1379&gid=1407"
"matched","chungho-ah-12h6050","청호나이스","AH-12H6050","청호나이스","AH-12H6050","공기청정기","https://www.rentalsegye.com/product.php?no=11438&cid=1379&gid=1407"
"matched","coway-ap-3018b","코웨이","AP-3018B","코웨이","AP-3018B","공기청정기","https://www.rentalsegye.com/product.php?no=11449&cid=1379&gid=1407"
"matched","coway-ap-3519a","코웨이","AP-3519A","코웨이","AP-3519A","공기청정기","https://www.rentalsegye.com/product.php?no=11451&cid=1379&gid=1407"
"unmatched_remote","","","","코웨이","APMS-1020A","공기청정기","https://www.rentalsegye.com/product.php?no=11460&cid=1379&gid=1407"
"matched","chungho-ap-10h4553","청호나이스","AP-10H4553","청호나이스","AP-10H4553","공기청정기","https://www.rentalsegye.com/product.php?no=28199&cid=1379&gid=1407"
"matched","cuckoo-ac-17t10fwh","쿠쿠","AC-17T10FWH","쿠쿠","AC-17T10FWH","공기청정기","https://www.rentalsegye.com/product.php?no=16950&cid=1379&gid=1407"
"matched","cuckoo-ac-20t10fwh","쿠쿠","AC-20T10FWH","쿠쿠","AC-20T10FWH","공기청정기","https://www.rentalsegye.com/product.php?no=16953&cid=1379&gid=1407"
"matched","coway-ap-3021d","코웨이","AP-3021D","코웨이","AP-3021D","공기청정기","https://www.rentalsegye.com/product.php?no=17884&cid=1379&gid=1407"
"matched","wells-an734","웰스","AN734","웰스","AN734","공기청정기","https://www.rentalsegye.com/product.php?no=18032&cid=1379&gid=1407"
"matched","hyundai-a-t12dw0b","현대큐밍","A-T12DW0B","현대큐밍","A-T12DW0B","공기청정기","https://www.rentalsegye.com/product.php?no=19908&cid=1379&gid=1407"
"matched","hyundai-a-t12dw0b-2","현대큐밍","A-T12DW0B","현대큐밍","A-T12DW0B","공기청정기","https://www.rentalsegye.com/product.php?no=19908&cid=1379&gid=1407"
"matched","cuckoo-ac-14r10fnw","쿠쿠","AC-14R10FNW","쿠쿠","AC-14R10FNW","공기청정기","https://www.rentalsegye.com/product.php?no=27519&cid=1379&gid=1407"
"unmatched_remote","","","","LG","AS480BWFA","공기청정기","https://www.rentalsegye.com/product.php?no=21051&cid=1379&gid=1407"
"unmatched_remote","","","","세스코","EADS721","공기청정기","https://www.rentalsegye.com/product.php?no=39801&cid=1379&gid=1407"
"matched","chungho-av-06h3050","청호나이스","AV-06H3050","청호나이스","AV-06H3050","공기청정기","https://www.rentalsegye.com/product.php?no=22075&cid=1379&gid=1407"
"matched","chungho-ap-10h4052","청호나이스","AP-10H4052","청호나이스","AP-10H4052","공기청정기","https://www.rentalsegye.com/product.php?no=22078&cid=1379&gid=1407"
"matched","hyundai-a-t11dw0b","현대큐밍","A-T11DW0B","현대큐밍","A-T11DW0B","공기청정기","https://www.rentalsegye.com/product.php?no=22110&cid=1379&gid=1407"
"matched","lg-as192dsfam","LG","AS192DSFAM","LG","AS192DSFAM","공기청정기","https://www.rentalsegye.com/product.php?no=26927&cid=1379&gid=1407"
"unmatched_remote","","","","웰스","AQ107","공기청정기","https://www.rentalsegye.com/product.php?no=24547&cid=1379&gid=1407"
"matched","cesco-eads511","세스코","EADS511","세스코","EADS511","공기청정기","https://www.rentalsegye.com/product.php?no=39802&cid=1379&gid=1407"
"matched","wells-ar626","웰스","AR626","웰스","AR626","공기청정기","https://www.rentalsegye.com/product.php?no=35252&cid=1379&gid=1407"
"unmatched_remote","","","","LG","AS156HWWC","공기청정기","https://www.rentalsegye.com/product.php?no=38910&cid=1379&gid=1407"
"matched","cuckoo-ac-12r10fnw","쿠쿠","AC-12R10FNW","쿠쿠","AC-12R10FNW","공기청정기","https://www.rentalsegye.com/product.php?no=28171&cid=1379&gid=1407"
"matched","cuckoo-ac-35u10fws","쿠쿠","AC-35U10FWS","쿠쿠","AC-35U10FWS","공기청정기","https://www.rentalsegye.com/product.php?no=28655&cid=1379&gid=1407"
"unmatched_remote","","","","웰스","AP107","공기청정기","https://www.rentalsegye.com/product.php?no=30298&cid=1379&gid=1407"
"matched","coway-ap-1023f","코웨이","AP-1023F","코웨이","AP-1023F","공기청정기","https://www.rentalsegye.com/product.php?no=30323&cid=1379&gid=1407"
"matched","chungho-ad-10h7050","청호나이스","AD-10H7050","청호나이스","AD-10H7050","공기청정기","https://www.rentalsegye.com/product.php?no=32824&cid=1379&gid=1407"
"matched","coway-apd-1023a","코웨이","APD-1023A","코웨이","APD-1023A","공기청정기","https://www.rentalsegye.com/product.php?no=32131&cid=1379&gid=1407"
"matched","coway-ap-2023k","코웨이","AP-2023K","코웨이","AP-2023K","공기청정기","https://www.rentalsegye.com/product.php?no=34149&cid=1379&gid=1407"
"matched","coway-ap-1523d","코웨이","AP-1523D","코웨이","AP-1523D","공기청정기","https://www.rentalsegye.com/product.php?no=33971&cid=1379&gid=1407"
"matched","coway-ap-1623m","코웨이","AP-1623M","코웨이","AP-1623M","공기청정기","https://www.rentalsegye.com/product.php?no=34139&cid=1379&gid=1407"
"matched","cesco-ep-320","세스코","EP-320","세스코","EP-320","공기청정기","https://www.rentalsegye.com/product.php?no=35111&cid=1379&gid=1407"
"matched","cesco-ep-430","세스코","EP-430","세스코","EP-430","공기청정기","https://www.rentalsegye.com/product.php?no=35112&cid=1379&gid=1407"
"matched","cesco-vs-411p","세스코","VS-411P","세스코","VS-411P","공기청정기","https://www.rentalsegye.com/product.php?no=35122&cid=1379&gid=1407"
"matched","cesco-vs-411p","세스코","VS-411P","세스코","VS-411P","공기청정기","https://www.rentalsegye.com/product.php?no=35124&cid=1379&gid=1407"
"matched","chungho-ap-20h7560","청호나이스","AP-20H7560","청호나이스","AP-20H7560","공기청정기","https://www.rentalsegye.com/product.php?no=36481&cid=1379&gid=1407"
"matched","chungho-ap-15h5170","청호나이스","AP-15H5170","청호나이스","AP-15H5170","공기청정기","https://www.rentalsegye.com/product.php?no=36482&cid=1379&gid=1407"
"unmatched_remote","","","","코웨이","AP-3522F","공기청정기","https://www.rentalsegye.com/product.php?no=36867&cid=1379&gid=1407"
"unmatched_remote","","","","웰스","AR107","공기청정기","https://www.rentalsegye.com/product.php?no=37089&cid=1379&gid=1407"
"matched","wells-ar318","웰스","AR318","웰스","AR318","공기청정기","https://www.rentalsegye.com/product.php?no=38275&cid=1379&gid=1407"
"unmatched_remote","","","","웰스","AP520VWA","공기청정기","https://www.rentalsegye.com/product.php?no=39232&cid=1379&gid=1407"
"matched","chungho-ap-40h8220","청호나이스","AP-40H8220","청호나이스","AP-40H8220","공기청정기","https://www.rentalsegye.com/product.php?no=42313&cid=1379&gid=1407"
"matched","cesco-eads531","세스코","EADS531","세스코","EADS531","공기청정기","https://www.rentalsegye.com/product.php?no=39800&cid=1379&gid=1407"
"unmatched_remote","","","","세스코","EADS741","공기청정기","https://www.rentalsegye.com/product.php?no=39799&cid=1379&gid=1407"
"matched","lg-as195dwwam","LG","AS195DWWAM","LG","AS195DWWAM","공기청정기","https://www.rentalsegye.com/product.php?no=40000&cid=1379&gid=1407"
"matched","lg-as195dwwam-2","LG","AS195DWWAM","LG","AS195DWWAM","공기청정기","https://www.rentalsegye.com/product.php?no=40000&cid=1379&gid=1407"
"matched","lg-as305dwwam","LG","AS305DWWAM","LG","AS305DWWAM","공기청정기","https://www.rentalsegye.com/product.php?no=40004&cid=1379&gid=1407"
"matched","lg-as305dwwam-2","LG","AS305DWWAM","LG","AS305DWWAM","공기청정기","https://www.rentalsegye.com/product.php?no=40004&cid=1379&gid=1407"
"matched","cesco-eads731","세스코","EADS731","세스코","EADS731","공기청정기","https://www.rentalsegye.com/product.php?no=40191&cid=1379&gid=1407"
"unmatched_remote","","","","세스코","EADS541","공기청정기","https://www.rentalsegye.com/product.php?no=40192&cid=1379&gid=1407"
"matched","cesco-eads711","세스코","EADS711","세스코","EADS711","공기청정기","https://www.rentalsegye.com/product.php?no=40193&cid=1379&gid=1407"
"unmatched_remote","","","","세스코","EADS521","공기청정기","https://www.rentalsegye.com/product.php?no=40194&cid=1379&gid=1407"
"matched","wells-aq730","웰스","AQ730","웰스","AQ730","공기청정기","https://www.rentalsegye.com/product.php?no=40609&cid=1379&gid=1407"
"unmatched_remote","","","","웰스","AS524CWA","공기청정기","https://www.rentalsegye.com/product.php?no=40611&cid=1379&gid=1407"
"unmatched_remote","","","","웰스","AS526CWA","공기청정기","https://www.rentalsegye.com/product.php?no=40613&cid=1379&gid=1407"
"matched","coway-ap-4025d","코웨이","AP-4025D","코웨이","AP-4025D","공기청정기","https://www.rentalsegye.com/product.php?no=40616&cid=1379&gid=1407"
"matched","hyundai-hqaa313w0f","현대큐밍","HQAA313W0F","현대큐밍","HQAA313W0F","공기청정기","https://www.rentalsegye.com/product.php?no=41199&cid=1379&gid=1407"
"matched","coway-ap-3024h","코웨이","AP-3024H","코웨이","AP-3024H","공기청정기","https://www.rentalsegye.com/product.php?no=41390&cid=1379&gid=1407"
"matched","chungho-ap-30h8220","청호나이스","AP-30H8220","청호나이스","AP-30H8220","공기청정기","https://www.rentalsegye.com/product.php?no=42314&cid=1379&gid=1407"
"unmatched_remote","","","","청호나이스","AP-23H8550","공기청정기","https://www.rentalsegye.com/product.php?no=42318&cid=1379&gid=1407"
"matched","chungho-ap-15h5174","청호나이스","AP-15H5174","청호나이스","AP-15H5174","공기청정기","https://www.rentalsegye.com/product.php?no=42321&cid=1379&gid=1407"
"matched","lg-as065swha","LG","AS065SWHA","LG","AS065SWHA","공기청정기","https://www.rentalsegye.com/product.php?no=42823&cid=1379&gid=1407"
"matched","coway-ap-1225f","코웨이","AP-1225F","코웨이","AP-1225F","공기청정기","https://www.rentalsegye.com/product.php?no=43241&cid=1379&gid=1407"
"matched","lg-as235dwsam","LG","AS235DWSAM","LG","AS235DWSAM","공기청정기","https://www.rentalsegye.com/product.php?no=43462&cid=1379&gid=1407"
"matched","lg-as235dwsam-2","LG","AS235DWSAM","LG","AS235DWSAM","공기청정기","https://www.rentalsegye.com/product.php?no=43462&cid=1379&gid=1407"
"matched","lg-as285dwwam","LG","AS285DWWAM","LG","AS285DWWAM","공기청정기","https://www.rentalsegye.com/product.php?no=43463&cid=1379&gid=1407"
"matched","lg-as285dwwam-2","LG","AS285DWWAM","LG","AS285DWWAM","공기청정기","https://www.rentalsegye.com/product.php?no=43463&cid=1379&gid=1407"
"matched","lg-as322dsfam","LG","AS322DSFAM","LG","AS322DSFAM","공기청정기","https://www.rentalsegye.com/product.php?no=43467&cid=1379&gid=1407"
"matched","coway-ap-2425h","코웨이","AP-2425H","코웨이","AP-2425H","공기청정기","https://www.rentalsegye.com/product.php?no=43525&cid=1379&gid=1407"
"matched","coway-ap-1125g","코웨이","AP-1125G","코웨이","AP-1125G","공기청정기","https://www.rentalsegye.com/product.php?no=43526&cid=1379&gid=1407"
"matched","lg-fs065pskam","LG","FS065PSKAM","LG","FS065PSKAM","공기청정기","https://www.rentalsegye.com/product.php?no=47491&cid=1379&gid=1407"
"matched","lg-as336nslcm","LG","AS336NSLCM","LG","AS336NSLCM","공기청정기","https://www.rentalsegye.com/product.php?no=48360&cid=1379&gid=1407"
"matched","lg-as336nslcm-2","LG","AS336NSLCM","LG","AS336NSLCM","공기청정기","https://www.rentalsegye.com/product.php?no=48360&cid=1379&gid=1407"
"unmatched_remote","","","","현대큐밍","HQAD203","공기청정기","https://www.rentalsegye.com/product.php?no=50217&cid=1379&gid=1407"
"matched","cuckoo-ac-35u20fwge","쿠쿠","AC-35U20FWGE","쿠쿠","AC-35U20FWGE","공기청정기","https://www.rentalsegye.com/product.php?no=47182&cid=1379&gid=1407"
"unmatched_remote","","","","쿠쿠","AC-30AH30FEDR","공기청정기","https://www.rentalsegye.com/product.php?no=47181&cid=1379&gid=1407"
"matched","hyundai-hqab303e0f","현대큐밍","HQAB303E0F","현대큐밍","HQAB303E0F","공기청정기","https://www.rentalsegye.com/product.php?no=47837&cid=1379&gid=1407"
"matched","cuckoo-ac-09aa10fwh","쿠쿠","AC-09AA10FWH","쿠쿠","AC-09AA10FWH","공기청정기","https://www.rentalsegye.com/product.php?no=45445&cid=1379&gid=1407"
"matched","cuckoo-ac-28ah10fnw","쿠쿠","AC-28AH10FNW","쿠쿠","AC-28AH10FNW","공기청정기","https://www.rentalsegye.com/product.php?no=45453&cid=1379&gid=1407"
"matched","cuckoo-ac-40ab10fnw","쿠쿠","AC-40AB10FNW","쿠쿠","AC-40AB10FNW","공기청정기","https://www.rentalsegye.com/product.php?no=45455&cid=1379&gid=1407"
"matched","coway-aph-0525f","코웨이","APH-0525F","코웨이","APH-0525F","공기청정기","https://www.rentalsegye.com/product.php?no=45461&cid=1379&gid=1407"
"unmatched_remote","","","","쿠쿠","AC-30AH30FEDG","공기청정기","https://www.rentalsegye.com/product.php?no=47180&cid=1379&gid=1407"
"matched","cuckoo-ac-23ah10fnw","쿠쿠","AC-23AH10FNW","쿠쿠","AC-23AH10FNW","공기청정기","https://www.rentalsegye.com/product.php?no=47179&cid=1379&gid=1407"
"matched","cuckoo-ac-14l10few","쿠쿠","AC-14L10FEW","쿠쿠","AC-14L10FEW","공기청정기","https://www.rentalsegye.com/product.php?no=47178&cid=1379&gid=1407"
"unmatched_remote","","","","LG","AS185LSAA","공기청정기","https://www.rentalsegye.com/product.php?no=47047&cid=1379&gid=1407"
"unmatched_remote","","","","LG","AS195DWWA(V필터)","공기청정기","https://www.rentalsegye.com/product.php?no=47049&cid=1379&gid=1407"
"unmatched_remote","","","","LG","AS305DWWA(V필터)","공기청정기","https://www.rentalsegye.com/product.php?no=47050&cid=1379&gid=1407"
"matched","chungho-ap-25h8150","청호나이스","AP-25H8150","청호나이스","AP-25H8150","공기청정기","https://www.rentalsegye.com/product.php?no=47199&cid=1379&gid=1407"
"unmatched_remote","","","","현대큐밍","SH-3025AH","공기청정기","https://www.rentalsegye.com/product.php?no=47209&cid=1379&gid=1407"
"unmatched_remote","","","","쿠쿠","AC-N25W10FWS","공기청정기","https://www.rentalsegye.com/product.php?no=47520&cid=1379&gid=1407"
"matched","hyundai-hqav10340f","현대큐밍","HQAV10340F","현대큐밍","HQAV10340F","공기청정기","https://www.rentalsegye.com/product.php?no=47834&cid=1379&gid=1407"
"matched","hyundai-hqab203e0f","현대큐밍","HQAB203E0F","현대큐밍","HQAB203E0F","공기청정기","https://www.rentalsegye.com/product.php?no=47836&cid=1379&gid=1407"
"unmatched_remote","","","","LG","AS356NSMAM","공기청정기","https://www.rentalsegye.com/product.php?no=47868&cid=1379&gid=1407"
"unmatched_remote","","","","LG","AS356NGMAM","공기청정기","https://www.rentalsegye.com/product.php?no=47869&cid=1379&gid=1407"
"unmatched_remote","","","","LG","AS206NSHAM","공기청정기","https://www.rentalsegye.com/product.php?no=47870&cid=1379&gid=1407"
"unmatched_remote","","","","LG","AS206NGHAM","공기청정기","https://www.rentalsegye.com/product.php?no=47871&cid=1379&gid=1407"
"matched","chungho-ap-30h8350","청호나이스","AP-30H8350","청호나이스","AP-30H8350","공기청정기","https://www.rentalsegye.com/product.php?no=47916&cid=1379&gid=1407"
"matched","coway-ap-1526a","코웨이","AP-1526A","코웨이","AP-1526A","공기청정기","https://www.rentalsegye.com/product.php?no=48056&cid=1379&gid=1407"
"matched","coway-ap-2026b","코웨이","AP-2026B","코웨이","AP-2026B","공기청정기","https://www.rentalsegye.com/product.php?no=48057&cid=1379&gid=1407"
"unmatched_remote","","","","LG","AS206NSHA","공기청정기","https://www.rentalsegye.com/product.php?no=48435&cid=1379&gid=1407"
"matched","coway-apm-1226h","코웨이","APM-1226H","코웨이","APM-1226H","공기청정기","https://www.rentalsegye.com/product.php?no=49377&cid=1379&gid=1407"
"unmatched_remote","","","","현대큐밍","HQAD103","공기청정기","https://www.rentalsegye.com/product.php?no=50183&cid=1379&gid=1407"
"matched","cuckoo-ac-28ah10gnw","쿠쿠","AC-28AH10GNW","쿠쿠","AC-28AH10GNW","공기청정기","https://www.rentalsegye.com/product.php?no=50268&cid=1379&gid=1407"
"matched","coway-bas25-b","코웨이","BAS25-B","코웨이","BAS25-B","비데","https://www.rentalsegye.com/product.php?no=11470&cid=1379&gid=1408"
"matched","hyundai-hqba300wbg","현대큐밍","HQBA300WBG","현대큐밍","HQBA300WBG","비데","https://www.rentalsegye.com/product.php?no=50812&cid=1379&gid=1408"
"matched","hyundai-hqbb100w1d","현대큐밍","HQBB100W1D","현대큐밍","HQBB100W1D","비데","https://www.rentalsegye.com/product.php?no=30364&cid=1379&gid=1408"
"matched","cuckoo-cbt-is1031w","쿠쿠","CBT-IS1031W","쿠쿠","CBT-IS1031W","비데","https://www.rentalsegye.com/product.php?no=11341&cid=1379&gid=1408"
"matched","cuckoo-cbt-is1031rw","쿠쿠","CBT-IS1031RW","쿠쿠","CBT-IS1031RW","비데","https://www.rentalsegye.com/product.php?no=11342&cid=1379&gid=1408"
"matched","cuckoo-cbt-g3031w","쿠쿠","CBT-G3031W","쿠쿠","CBT-G3031W","비데","https://www.rentalsegye.com/product.php?no=11343&cid=1379&gid=1408"
"matched","cuckoo-cbt-g1031w","쿠쿠","CBT-G1031W","쿠쿠","CBT-G1031W","비데","https://www.rentalsegye.com/product.php?no=11344&cid=1379&gid=1408"
"matched","cuckoo-cbt-e1021w","쿠쿠","CBT-E1021W","쿠쿠","CBT-E1021W","비데","https://www.rentalsegye.com/product.php?no=11345&cid=1379&gid=1408"
"matched","chungho-bd-35d51","청호나이스","BD-35D51","청호나이스","BD-35D51","비데","https://www.rentalsegye.com/product.php?no=11426&cid=1379&gid=1408"
"unmatched_remote","","","","웰스","BM750RWA","비데","https://www.rentalsegye.com/product.php?no=18058&cid=1379&gid=1408"
"matched","hyundai-b-l200w","현대큐밍","B-L200W","현대큐밍","B-L200W","비데","https://www.rentalsegye.com/product.php?no=19907&cid=1379&gid=1408"
"matched","cuckoo-cbt-l1031w","쿠쿠","CBT-L1031W","쿠쿠","CBT-L1031W","비데","https://www.rentalsegye.com/product.php?no=27376&cid=1379&gid=1408"
"unmatched_remote","","","","청호나이스","BD-35D40","비데","https://www.rentalsegye.com/product.php?no=22090&cid=1379&gid=1408"
"matched","chungho-bd-35d72","청호나이스","BD-35D72","청호나이스","BD-35D72","비데","https://www.rentalsegye.com/product.php?no=22092&cid=1379&gid=1408"
"matched","chungho-bd-35d50r","청호나이스","BD-35D50R","청호나이스","BD-35D50R","비데","https://www.rentalsegye.com/product.php?no=22093&cid=1379&gid=1408"
"unmatched_remote","","","","현대큐밍","B-S300W0B","비데","https://www.rentalsegye.com/product.php?no=22112&cid=1379&gid=1408"
"matched","coway-bas37-c","코웨이","BAS37-C","코웨이","BAS37-C","비데","https://www.rentalsegye.com/product.php?no=39449&cid=1379&gid=1408"
"matched","coway-bas38-c","코웨이","BAS38-C","코웨이","BAS38-C","비데","https://www.rentalsegye.com/product.php?no=39448&cid=1379&gid=1408"
"matched","hyundai-hqbp530w0d","현대큐밍","HQBP530W0D","현대큐밍","HQBP530W0D","비데","https://www.rentalsegye.com/product.php?no=30365&cid=1379&gid=1408"
"matched","cuckoo-cbt-pff31rw","쿠쿠","CBT-PFF31RW","쿠쿠","CBT-PFF31RW","비데","https://www.rentalsegye.com/product.php?no=38835&cid=1379&gid=1408"
"unmatched_remote","","","","웰스","BP550CWA","비데","https://www.rentalsegye.com/product.php?no=28102&cid=1379&gid=1408"
"unmatched_remote","","","","웰스","BP750CWA","비데","https://www.rentalsegye.com/product.php?no=28103&cid=1379&gid=1408"
"unmatched_remote","","","","웰스","BM750RWA","비데","https://www.rentalsegye.com/product.php?no=28106&cid=1379&gid=1408"
"matched","coway-bas39-a","코웨이","BAS39-A","코웨이","BAS39-A","비데","https://www.rentalsegye.com/product.php?no=32677&cid=1379&gid=1408"
"unmatched_remote","","","","웰스","BQ650RWA","비데","https://www.rentalsegye.com/product.php?no=33291&cid=1379&gid=1408"
"unmatched_remote","","","","웰스","BQ450RWA","비데","https://www.rentalsegye.com/product.php?no=33292&cid=1379&gid=1408"
"matched","cuckoo-cbt-kffs31rw","쿠쿠","CBT-KFFS31RW","쿠쿠","CBT-KFFS31RW","비데","https://www.rentalsegye.com/product.php?no=37091&cid=1379&gid=1408"
"matched","cuckoo-cbt-qsb1041w","쿠쿠","CBT-QSB1041W","쿠쿠","CBT-QSB1041W","비데","https://www.rentalsegye.com/product.php?no=37092&cid=1379&gid=1408"
"unmatched_remote","","","","웰스","BR550RWA","비데","https://www.rentalsegye.com/product.php?no=38139&cid=1379&gid=1408"
"matched","coway-ba20-d","코웨이","BA20-D","코웨이","BA20-D","비데","https://www.rentalsegye.com/product.php?no=39705&cid=1379&gid=1408"
"unmatched_remote","","","","코웨이","BAS47-A","비데","https://www.rentalsegye.com/product.php?no=41358&cid=1379&gid=1408"
"matched","chungho-bd-36d60","청호나이스","BD-36D60","청호나이스","BD-36D60","비데","https://www.rentalsegye.com/product.php?no=50848&cid=1379&gid=1408"
"matched","cuckoo-cbt-qsf1041w","쿠쿠","CBT-QSF1041W","쿠쿠","CBT-QSF1041W","비데","https://www.rentalsegye.com/product.php?no=47176&cid=1379&gid=1408"
"matched","cuckoo-cbt-qf1041w","쿠쿠","CBT-QF1041W","쿠쿠","CBT-QF1041W","비데","https://www.rentalsegye.com/product.php?no=47177&cid=1379&gid=1408"
"matched","cuckoo-cbt-l1032w","쿠쿠","CBT-L1032W","쿠쿠","CBT-L1032W","비데","https://www.rentalsegye.com/product.php?no=47175&cid=1379&gid=1408"
"matched","chungho-bd-36d50","청호나이스","BD-36D50","청호나이스","BD-36D50","비데","https://www.rentalsegye.com/product.php?no=48636&cid=1379&gid=1408"
"matched","cesco-ebcb152","세스코","EBCB152","세스코","EBCB152","비데","https://www.rentalsegye.com/product.php?no=47831&cid=1379&gid=1408"
"matched","cesco-ebeb112","세스코","EBEB112","세스코","EBEB112","비데","https://www.rentalsegye.com/product.php?no=47829&cid=1379&gid=1408"
"matched","cesco-ebeb132","세스코","EBEB132","세스코","EBEB132","비데","https://www.rentalsegye.com/product.php?no=47828&cid=1379&gid=1408"
"matched","cesco-ebcb142","세스코","EBCB142","세스코","EBCB142","비데","https://www.rentalsegye.com/product.php?no=47830&cid=1379&gid=1408"
"unmatched_remote","","","","청호나이스","BS-35D50P","비데","https://www.rentalsegye.com/product.php?no=45099&cid=1379&gid=1408"
"matched","chungho-bd-40d60","청호나이스","BD-40D60","청호나이스","BD-40D60","비데","https://www.rentalsegye.com/product.php?no=45100&cid=1379&gid=1408"
"matched","coway-bas49-a","코웨이","BAS49-A","코웨이","BAS49-A","비데","https://www.rentalsegye.com/product.php?no=45159&cid=1379&gid=1408"
"matched","cuckoo-cbt-qs1041rw","쿠쿠","CBT-QS1041RW","쿠쿠","CBT-QS1041RW","비데","https://www.rentalsegye.com/product.php?no=45444&cid=1379&gid=1408"
"matched","wells-bt660","웰스","BT660","웰스","BT660","비데","https://www.rentalsegye.com/product.php?no=49320&cid=1379&gid=1408"
"matched","wells-bt552","웰스","BT552","웰스","BT552","비데","https://www.rentalsegye.com/product.php?no=47213&cid=1379&gid=1408"
"matched","wells-bt762","웰스","BT762","웰스","BT762","비데","https://www.rentalsegye.com/product.php?no=49321&cid=1379&gid=1408"
"matched","coway-bas41-b","코웨이","BAS41-B","코웨이","BAS41-B","비데","https://www.rentalsegye.com/product.php?no=50849&cid=1379&gid=1408"
"matched","chungho-bs-65d70","청호나이스","BS-65D70","청호나이스","BS-65D70","비데","https://www.rentalsegye.com/product.php?no=47915&cid=1379&gid=1408"
"matched","wells-bt150","웰스","BT150","웰스","BT150","비데","https://www.rentalsegye.com/product.php?no=50803&cid=1379&gid=1408"
"matched","coway-bas51-a","코웨이","BAS51-A","코웨이","BAS51-A","비데","https://www.rentalsegye.com/product.php?no=48605&cid=1379&gid=1408"
"matched","coway-bas40-b","코웨이","BAS40-B","코웨이","BAS40-B","비데","https://www.rentalsegye.com/product.php?no=50850&cid=1379&gid=1408"
"unmatched_remote","","","","코웨이","BA52-A","비데","https://www.rentalsegye.com/product.php?no=51125&cid=1379&gid=1408"
"unmatched_remote","","","","쿠쿠","CBT-RFFS1310W","비데","https://www.rentalsegye.com/product.php?no=51150&cid=1379&gid=1408"
"unmatched_remote","","","","코웨이","BAS47-B","비데","https://www.rentalsegye.com/product.php?no=51153&cid=1379&gid=1408"
"unmatched_remote","","","","코웨이","BAS25-C","비데","https://www.rentalsegye.com/product.php?no=51154&cid=1379&gid=1408"
"unmatched_remote","","","","코웨이","CMSS-PR03,CMQ-PR03,CMK-PR03","매트리스","https://www.rentalsegye.com/product.php?no=11552&cid=1486&gid=1580"
"unmatched_remote","","","","코웨이","CMSS-PR04,CMQ-PR04,CMK-PR04,CMLK-PR04","매트리스","https://www.rentalsegye.com/product.php?no=11554&cid=1486&gid=1580"
"unmatched_remote","","","","코웨이","CMSS-SL01,CMQ-SL01,CMK-SL01","매트리스","https://www.rentalsegye.com/product.php?no=11561&cid=1486&gid=1580"
"unmatched_remote","","","","코웨이","CMSS-M01,CMQ-M01","매트리스","https://www.rentalsegye.com/product.php?no=11562&cid=1486&gid=1580"
"unmatched_remote","","","","코웨이","CMSS-OB03,CMQ-OB03","매트리스","https://www.rentalsegye.com/product.php?no=28015&cid=1486&gid=1580"
"unmatched_remote","","","","쿠쿠","CRM-C01SE(M/H)LK","매트리스","https://www.rentalsegye.com/product.php?no=44030&cid=1486&gid=1580"
"unmatched_remote","","","","쿠쿠","CRM-D01HE(M/H)SS","매트리스","https://www.rentalsegye.com/product.php?no=44031&cid=1486&gid=1580"
"unmatched_remote","","","","쿠쿠","CRM-D01HE(M/H)Q","매트리스","https://www.rentalsegye.com/product.php?no=44032&cid=1486&gid=1580"
"unmatched_remote","","","","쿠쿠","CRM-D01HE(M/H)K","매트리스","https://www.rentalsegye.com/product.php?no=44033&cid=1486&gid=1580"
"unmatched_remote","","","","쿠쿠","CRM-D01HE(M/H)LK","매트리스","https://www.rentalsegye.com/product.php?no=44034&cid=1486&gid=1580"
"unmatched_remote","","","","코웨이","CMS-ST01EH,CMSS-ST01EH,CMQ-ST01EH","매트리스","https://www.rentalsegye.com/product.php?no=34136&cid=1486&gid=1580"
"unmatched_remote","","","","코웨이","CMSS-SP01SC,CMQ-SP01SC,CMK-SP01SC,CMLK-SP01SC,CMGK-SP01SC","매트리스","https://www.rentalsegye.com/product.php?no=34492&cid=1486&gid=1580"
"unmatched_remote","","","","코웨이","CMSS-SP01S,CMQ-SP01S,CMK-SP01S,CMLK-SP01S,CMGK-SP01S","매트리스","https://www.rentalsegye.com/product.php?no=34493&cid=1486&gid=1580"
"unmatched_remote","","","","코웨이","CMSS-SE01,CMQ-SE01,CMK-SE01","매트리스","https://www.rentalsegye.com/product.php?no=34697&cid=1486&gid=1580"
"unmatched_remote","","","","쿠쿠","CRM-E01HEMSQ","매트리스","https://www.rentalsegye.com/product.php?no=47184&cid=1486&gid=1580"
"unmatched_remote","","","","쿠쿠","CRM-E01HEMSK","매트리스","https://www.rentalsegye.com/product.php?no=47185&cid=1486&gid=1580"
"unmatched_remote","","","","코웨이","CMSS-AS05,CMQ-AS05,CMK-AS05,CMLK-AS05","매트리스","https://www.rentalsegye.com/product.php?no=39202&cid=1486&gid=1580"
"unmatched_remote","","","","코웨이","CMSS-AS04,CMQ-AS04,CMK-AS04,CMLK-AS04","매트리스","https://www.rentalsegye.com/product.php?no=39203&cid=1486&gid=1580"
"unmatched_remote","","","","쿠쿠","CRM-C01SE(M/H)Q","매트리스","https://www.rentalsegye.com/product.php?no=44028&cid=1486&gid=1580"
"unmatched_remote","","","","쿠쿠","CRM-C01SE(M/H)K","매트리스","https://www.rentalsegye.com/product.php?no=44029&cid=1486&gid=1580"
"unmatched_remote","","","","쿠쿠","CRM-E01HEMSSS","매트리스","https://www.rentalsegye.com/product.php?no=47183&cid=1486&gid=1580"
"unmatched_remote","","","","쿠쿠","CRM-A10SS","매트리스","https://www.rentalsegye.com/product.php?no=44012&cid=1486&gid=1580"
"unmatched_remote","","","","쿠쿠","CRM-A10Q","매트리스","https://www.rentalsegye.com/product.php?no=44013&cid=1486&gid=1580"
"unmatched_remote","","","","쿠쿠","CRM-A10K","매트리스","https://www.rentalsegye.com/product.php?no=44014&cid=1486&gid=1580"
"unmatched_remote","","","","쿠쿠","CRM-A10LK","매트리스","https://www.rentalsegye.com/product.php?no=44015&cid=1486&gid=1580"
"unmatched_remote","","","","쿠쿠","CRM-B10SS","매트리스","https://www.rentalsegye.com/product.php?no=44016&cid=1486&gid=1580"
"unmatched_remote","","","","쿠쿠","CRM-B10Q","매트리스","https://www.rentalsegye.com/product.php?no=44017&cid=1486&gid=1580"
"unmatched_remote","","","","쿠쿠","CRM-B10K","매트리스","https://www.rentalsegye.com/product.php?no=44018&cid=1486&gid=1580"
"unmatched_remote","","","","쿠쿠","CRM-B10LK","매트리스","https://www.rentalsegye.com/product.php?no=44019&cid=1486&gid=1580"
"unmatched_remote","","","","쿠쿠","CRM-B01HEMSS","매트리스","https://www.rentalsegye.com/product.php?no=44020&cid=1486&gid=1580"
"unmatched_remote","","","","쿠쿠","CRM-B01HEMQ","매트리스","https://www.rentalsegye.com/product.php?no=44021&cid=1486&gid=1580"
"unmatched_remote","","","","쿠쿠","CRM-B01HEMK","매트리스","https://www.rentalsegye.com/product.php?no=44022&cid=1486&gid=1580"
"unmatched_remote","","","","쿠쿠","CRM-B01HEMLK","매트리스","https://www.rentalsegye.com/product.php?no=44023&cid=1486&gid=1580"
"unmatched_remote","","","","쿠쿠","CRM-C01SE(M/H)SS","매트리스","https://www.rentalsegye.com/product.php?no=44024&cid=1486&gid=1580"
"unmatched_remote","","","","코웨이","CMSS-SE02,CMQ-SE02,CMK-SE02,CMLK-SE02","매트리스","https://www.rentalsegye.com/product.php?no=44945&cid=1486&gid=1580"
"unmatched_remote","","","","청호나이스","온리 드림","매트리스","https://www.rentalsegye.com/product.php?no=45187&cid=1486&gid=1580"
"unmatched_remote","","","","청호나이스","매트리스 William J","매트리스","https://www.rentalsegye.com/product.php?no=45188&cid=1486&gid=1580"
"unmatched_remote","","","","청호나이스","듀얼 드림","매트리스","https://www.rentalsegye.com/product.php?no=45189&cid=1486&gid=1580"
"unmatched_remote","","","","청호나이스","듀얼 코지","매트리스","https://www.rentalsegye.com/product.php?no=45190&cid=1486&gid=1580"
"unmatched_remote","","","","청호나이스","프레임 FBT + 듀얼 드림","매트리스","https://www.rentalsegye.com/product.php?no=45240&cid=1486&gid=1580"
"unmatched_remote","","","","청호나이스","프레임 WB + 매트리스 William J","매트리스","https://www.rentalsegye.com/product.php?no=45243&cid=1486&gid=1580"
"unmatched_remote","","","","청호나이스","프레임 FC + 온리 드림","매트리스","https://www.rentalsegye.com/product.php?no=45245&cid=1486&gid=1580"
"unmatched_remote","","","","청호나이스","파운데이션 + 듀얼 코지","매트리스","https://www.rentalsegye.com/product.php?no=45247&cid=1486&gid=1580"
"unmatched_remote","","","","코웨이","CMSS-SE03,CMQ-SE03,CMK-SE03,CMLK-SE03","매트리스","https://www.rentalsegye.com/product.php?no=45381&cid=1486&gid=1580"
"unmatched_remote","","","","청호나이스","프레임 FS + 듀얼 코지","매트리스","https://www.rentalsegye.com/product.php?no=45387&cid=1486&gid=1580"
"unmatched_remote","","","","청호나이스","프레임 FS + 듀얼 코지","매트리스","https://www.rentalsegye.com/product.php?no=45389&cid=1486&gid=1580"
"unmatched_remote","","","","청호나이스","프레임 FH + 듀얼 드림","매트리스","https://www.rentalsegye.com/product.php?no=45397&cid=1486&gid=1580"
"unmatched_remote","","","","청호나이스","프레임 FH + 듀얼 드림","매트리스","https://www.rentalsegye.com/product.php?no=45402&cid=1486&gid=1580"
"unmatched_remote","","","","청호나이스","프레임 FBT + 듀얼 코지","매트리스","https://www.rentalsegye.com/product.php?no=45424&cid=1486&gid=1580"
"unmatched_remote","","","","청호나이스","프레임 WB + 듀얼 드림","매트리스","https://www.rentalsegye.com/product.php?no=45426&cid=1486&gid=1580"
"unmatched_remote","","","","청호나이스","프레임 FC + 매트리스 William J","매트리스","https://www.rentalsegye.com/product.php?no=45428&cid=1486&gid=1580"
"unmatched_remote","","","","청호나이스","파운데이션 + 온리 드림","매트리스","https://www.rentalsegye.com/product.php?no=45431&cid=1486&gid=1580"
"unmatched_remote","","","","청호나이스","네스티지 매트리스","매트리스","https://www.rentalsegye.com/product.php?no=47465&cid=1486&gid=1580"
"unmatched_remote","","","","쿠쿠","CRM-E01HEMSLK","매트리스","https://www.rentalsegye.com/product.php?no=47186&cid=1486&gid=1580"
"unmatched_remote","","","","쿠쿠","CRM-F01HPSSS","매트리스","https://www.rentalsegye.com/product.php?no=47187&cid=1486&gid=1580"
"unmatched_remote","","","","쿠쿠","CRM-F01HPSQ","매트리스","https://www.rentalsegye.com/product.php?no=47188&cid=1486&gid=1580"
"unmatched_remote","","","","쿠쿠","CRM-F01HPSK","매트리스","https://www.rentalsegye.com/product.php?no=47189&cid=1486&gid=1580"
"unmatched_remote","","","","쿠쿠","CRM-F01HPSLK","매트리스","https://www.rentalsegye.com/product.php?no=47190&cid=1486&gid=1580"
"unmatched_remote","","","","청호나이스","듀얼 드림 온열 매트리스","매트리스","https://www.rentalsegye.com/product.php?no=47467&cid=1486&gid=1580"
"unmatched_remote","","","","청호나이스","듀얼 코지 온열 매트리스","매트리스","https://www.rentalsegye.com/product.php?no=47469&cid=1486&gid=1580"
"unmatched_remote","","","","청호나이스","로얄스위트 프라임 매트리스","매트리스","https://www.rentalsegye.com/product.php?no=47471&cid=1486&gid=1580"
"unmatched_remote","","","","청호나이스","멜로우드림 매트리스","매트리스","https://www.rentalsegye.com/product.php?no=47473&cid=1486&gid=1580"
"unmatched_remote","","","","코웨이","CMGK-SP02SC,CMLK-SP02SC,CMK-SP02SC,CMQ-SP02SC,CMSS-SP02SC","매트리스","https://www.rentalsegye.com/product.php?no=48598&cid=1486&gid=1580"
"unmatched_remote","","","","코웨이","CMGK-SP02S,CMLK-SP02S,CMK-SP02S,CMQ-SP02S,CMSS-SP02S","매트리스","https://www.rentalsegye.com/product.php?no=48599&cid=1486&gid=1580"
"unmatched_remote","","","","쿠쿠","CRM-J01STMHS","매트리스","https://www.rentalsegye.com/product.php?no=51146&cid=1486&gid=1580"
"unmatched_remote","","","","쿠쿠","CRM-J01STMHSS","매트리스","https://www.rentalsegye.com/product.php?no=51147&cid=1486&gid=1580"
"unmatched_remote","","","","쿠쿠","CRM-J01STMHQ","매트리스","https://www.rentalsegye.com/product.php?no=51148&cid=1486&gid=1580"
"unmatched_remote","","","","쿠쿠","CRM-J01STMHK","매트리스","https://www.rentalsegye.com/product.php?no=51149&cid=1486&gid=1580"
"unmatched_local","chungho-wi-15c7500","청호나이스","WI-15C7500","","","",""
"unmatched_local","chungho-wi-60c90511m","청호나이스","WI-60C90511M","","","",""
"unmatched_local","chungho-wi-60c80511m","청호나이스","WI-60C80511M","","","",""
"unmatched_local","chungho-wi-36c80620n","청호나이스","WI-36C80620N","","","",""
"unmatched_local","chungho-wp-35c90010n","청호나이스","WP-35C90010N","","","",""
"unmatched_local","chungho-wp-46s90510n","청호나이스","WP-46S90510N","","","",""
"unmatched_local","chungho-bs-35d50","청호나이스","BS-35D50","","","",""
"unmatched_local","chungho-sf-75a60","청호나이스","SF-75A60","","","",""
"unmatched_local","chungho-가정용-청호-미니-안마의자-드리미-dreamy","청호나이스","[가정용] 청호 미니 안마의자 드리미 (DREAMY)","","","",""
"unmatched_local","chungho-가정용-청호-소형-안마의자-로망-roman","청호나이스","[가정용] 청호 소형 안마의자 로망 (Roman)","","","",""
"unmatched_local","chungho-william-j-매트리스-k","청호나이스","William J 매트리스 K","","","",""
"unmatched_local","chungho-william-j-매트리스-lk","청호나이스","William J 매트리스 LK","","","",""
"unmatched_local","chungho-william-j-매트리스-q","청호나이스","William J 매트리스 Q","","","",""
"unmatched_local","chungho-william-j-매트리스-ss","청호나이스","William J 매트리스 SS","","","",""
"unmatched_local","chungho-네스티지-매트리스-k","청호나이스","네스티지 매트리스 K","","","",""
"unmatched_local","chungho-네스티지-매트리스-lk","청호나이스","네스티지 매트리스 LK","","","",""
"unmatched_local","chungho-네스티지-매트리스-q","청호나이스","네스티지 매트리스 Q","","","",""
"unmatched_local","chungho-네스티지-매트리스-ss","청호나이스","네스티지 매트리스 SS","","","",""
"unmatched_local","chungho-듀얼-드림-매트리스-k","청호나이스","듀얼 드림 매트리스 K","","","",""
"unmatched_local","chungho-듀얼-드림-매트리스-lk","청호나이스","듀얼 드림 매트리스 LK","","","",""
"unmatched_local","chungho-듀얼-드림-매트리스-q","청호나이스","듀얼 드림 매트리스 Q","","","",""
"unmatched_local","chungho-듀얼-드림-매트리스-ss","청호나이스","듀얼 드림 매트리스 SS","","","",""
"unmatched_local","chungho-듀얼-드림-온열-매트리스-k","청호나이스","듀얼 드림 온열 매트리스 K","","","",""
"unmatched_local","chungho-듀얼-드림-온열-매트리스-lk","청호나이스","듀얼 드림 온열 매트리스 LK","","","",""
"unmatched_local","chungho-듀얼-드림-온열-매트리스-q","청호나이스","듀얼 드림 온열 매트리스 Q","","","",""
"unmatched_local","chungho-듀얼-드림-온열-매트리스-ss","청호나이스","듀얼 드림 온열 매트리스 SS","","","",""
"unmatched_local","chungho-듀얼-코지-매트리스-k","청호나이스","듀얼 코지 매트리스 K","","","",""
"unmatched_local","chungho-듀얼-코지-매트리스-lk","청호나이스","듀얼 코지 매트리스 LK","","","",""
"unmatched_local","chungho-듀얼-코지-매트리스-q","청호나이스","듀얼 코지 매트리스 Q","","","",""
"unmatched_local","chungho-듀얼-코지-매트리스-ss","청호나이스","듀얼 코지 매트리스 SS","","","",""
"unmatched_local","chungho-듀얼-코지-온열-매트리스-k","청호나이스","듀얼 코지 온열 매트리스 K","","","",""
"unmatched_local","chungho-듀얼-코지-온열-매트리스-lk","청호나이스","듀얼 코지 온열 매트리스 LK","","","",""
"unmatched_local","chungho-듀얼-코지-온열-매트리스-q","청호나이스","듀얼 코지 온열 매트리스 Q","","","",""
"unmatched_local","chungho-듀얼-코지-온열-매트리스-ss","청호나이스","듀얼 코지 온열 매트리스 SS","","","",""
"unmatched_local","chungho-로얄스위트-프라임-매트리스-k","청호나이스","로얄스위트 프라임 매트리스 K","","","",""
"unmatched_local","chungho-로얄스위트-프라임-매트리스-lk","청호나이스","로얄스위트 프라임 매트리스 LK","","","",""
"unmatched_local","chungho-로얄스위트-프라임-매트리스-q","청호나이스","로얄스위트 프라임 매트리스 Q","","","",""
"unmatched_local","chungho-로얄스위트-프라임-매트리스-ss","청호나이스","로얄스위트 프라임 매트리스 SS","","","",""
"unmatched_local","chungho-멜로우-드림-매트리스-k","청호나이스","멜로우 드림 매트리스 K","","","",""
"unmatched_local","chungho-멜로우-드림-매트리스-lk","청호나이스","멜로우 드림 매트리스 LK","","","",""
"unmatched_local","chungho-멜로우-드림-매트리스-q","청호나이스","멜로우 드림 매트리스 Q","","","",""
"unmatched_local","chungho-멜로우-드림-매트리스-ss","청호나이스","멜로우 드림 매트리스 SS","","","",""
"unmatched_local","chungho-스프링에어-파운데이션-g-k","청호나이스","스프링에어 파운데이션 (G) K","","","",""
"unmatched_local","chungho-스프링에어-파운데이션-g-q","청호나이스","스프링에어 파운데이션 (G) Q","","","",""
"unmatched_local","chungho-스프링에어-파운데이션-g-ss","청호나이스","스프링에어 파운데이션 (G) SS","","","",""
"unmatched_local","chungho-스프링에어-파운데이션-k","청호나이스","스프링에어 파운데이션 K","","","",""
"unmatched_local","chungho-스프링에어-파운데이션-q","청호나이스","스프링에어 파운데이션 Q","","","",""
"unmatched_local","chungho-스프링에어-파운데이션-ss","청호나이스","스프링에어 파운데이션 SS","","","",""
"unmatched_local","chungho-스프링에어-프레임-fb-패브릭-볼륨헤드-k","청호나이스","스프링에어 프레임 FB (패브릭 볼륨헤드) K","","","",""
"unmatched_local","chungho-스프링에어-프레임-fb-패브릭-볼륨헤드-q","청호나이스","스프링에어 프레임 FB (패브릭 볼륨헤드) Q","","","",""
"unmatched_local","chungho-스프링에어-프레임-fb-패브릭-볼륨헤드-ss","청호나이스","스프링에어 프레임 FB (패브릭 볼륨헤드) SS","","","",""
"unmatched_local","chungho-스프링에어-프레임-fg-쿠션-날개형-k","청호나이스","스프링에어 프레임 FG (쿠션 날개형) K","","","",""
"unmatched_local","chungho-스프링에어-프레임-fg-쿠션-날개형-q","청호나이스","스프링에어 프레임 FG (쿠션 날개형) Q","","","",""
"unmatched_local","chungho-스프링에어-프레임-fg-쿠션-날개형-ss","청호나이스","스프링에어 프레임 FG (쿠션 날개형) SS","","","",""
"unmatched_local","chungho-스프링에어-프레임-ft-미니멀-템바보드-k","청호나이스","스프링에어 프레임 FT (미니멀 템바보드) K","","","",""
"unmatched_local","chungho-스프링에어-프레임-ft-미니멀-템바보드-q","청호나이스","스프링에어 프레임 FT (미니멀 템바보드) Q","","","",""
"unmatched_local","chungho-스프링에어-프레임-ft-미니멀-템바보드-ss","청호나이스","스프링에어 프레임 FT (미니멀 템바보드) SS","","","",""
"unmatched_local","chungho-스프링에어-프레임-fu-수납-쿠션-k","청호나이스","스프링에어 프레임 FU (수납 쿠션) K","","","",""
"unmatched_local","chungho-스프링에어-프레임-fu-수납-쿠션-q","청호나이스","스프링에어 프레임 FU (수납 쿠션) Q","","","",""
"unmatched_local","chungho-스프링에어-프레임-fu-수납-쿠션-ss","청호나이스","스프링에어 프레임 FU (수납 쿠션) SS","","","",""
"unmatched_local","chungho-온리-드림-매트리스-q","청호나이스","온리 드림 매트리스 Q","","","",""
"unmatched_local","chungho-온리-드림-매트리스-s","청호나이스","온리 드림 매트리스 S","","","",""
"unmatched_local","chungho-온리-드림-매트리스-ss","청호나이스","온리 드림 매트리스 SS","","","",""
"unmatched_local","chungho-클린핏-k","청호나이스","클린핏 K","","","",""
"unmatched_local","chungho-클린핏-q","청호나이스","클린핏 Q","","","",""
"unmatched_local","chungho-클린핏-s","청호나이스","클린핏 S","","","",""
"unmatched_local","chungho-클린핏-ss","청호나이스","클린핏 SS","","","",""
"unmatched_local","chungho-파운데이션-그레이-웜베이지-샌드베이지-k","청호나이스","파운데이션(그레이,웜베이지,샌드베이지) K","","","",""
"unmatched_local","chungho-파운데이션-그레이-웜베이지-샌드베이지-lk","청호나이스","파운데이션(그레이,웜베이지,샌드베이지) LK","","","",""
"unmatched_local","chungho-파운데이션-그레이-웜베이지-샌드베이지-q","청호나이스","파운데이션(그레이,웜베이지,샌드베이지) Q","","","",""
"unmatched_local","chungho-파운데이션-그레이-웜베이지-샌드베이지-s","청호나이스","파운데이션(그레이,웜베이지,샌드베이지) S","","","",""
"unmatched_local","chungho-파운데이션-그레이-웜베이지-샌드베이지-ss","청호나이스","파운데이션(그레이,웜베이지,샌드베이지) SS","","","",""
"unmatched_local","chungho-프레임-fbt-패브릭-템바보드-프레임-k","청호나이스","프레임 FBT (패브릭 템바보드 프레임) K","","","",""
"unmatched_local","chungho-프레임-fbt-패브릭-템바보드-프레임-lk","청호나이스","프레임 FBT (패브릭 템바보드 프레임) LK","","","",""
"unmatched_local","chungho-프레임-fbt-패브릭-템바보드-프레임-q","청호나이스","프레임 FBT (패브릭 템바보드 프레임) Q","","","",""
"unmatched_local","chungho-프레임-fbt-패브릭-템바보드-프레임-s","청호나이스","프레임 FBT (패브릭 템바보드 프레임) S","","","",""
"unmatched_local","chungho-프레임-fbt-패브릭-템바보드-프레임-ss","청호나이스","프레임 FBT (패브릭 템바보드 프레임) SS","","","",""
"unmatched_local","chungho-프레임-fc-쿠션형-헤드보드-k","청호나이스","프레임 FC (쿠션형 헤드보드) K","","","",""
"unmatched_local","chungho-프레임-fc-쿠션형-헤드보드-lk","청호나이스","프레임 FC (쿠션형 헤드보드) LK","","","",""
"unmatched_local","chungho-프레임-fc-쿠션형-헤드보드-q","청호나이스","프레임 FC (쿠션형 헤드보드) Q","","","",""
"unmatched_local","chungho-프레임-fc-쿠션형-헤드보드-s","청호나이스","프레임 FC (쿠션형 헤드보드) S","","","",""
"unmatched_local","chungho-프레임-fc-쿠션형-헤드보드-ss","청호나이스","프레임 FC (쿠션형 헤드보드) SS","","","",""
"unmatched_local","chungho-프레임-fh-호텔식-패브릭-k","청호나이스","프레임 FH (호텔식 패브릭) K","","","",""
"unmatched_local","chungho-프레임-fh-호텔식-패브릭-k-더블-판넬","청호나이스","프레임 FH (호텔식 패브릭) K - 더블 판넬","","","",""
"unmatched_local","chungho-프레임-fh-호텔식-패브릭-k-싱글-판넬","청호나이스","프레임 FH (호텔식 패브릭) K - 싱글 판넬","","","",""
"unmatched_local","chungho-프레임-fh-호텔식-패브릭-lk","청호나이스","프레임 FH (호텔식 패브릭) LK","","","",""
"unmatched_local","chungho-프레임-fh-호텔식-패브릭-lk-더블-판넬","청호나이스","프레임 FH (호텔식 패브릭) LK - 더블 판넬","","","",""
"unmatched_local","chungho-프레임-fh-호텔식-패브릭-lk-싱글-판넬","청호나이스","프레임 FH (호텔식 패브릭) LK - 싱글 판넬","","","",""
"unmatched_local","chungho-프레임-fh-호텔식-패브릭-q","청호나이스","프레임 FH (호텔식 패브릭) Q","","","",""
"unmatched_local","chungho-프레임-fh-호텔식-패브릭-q-더블-판넬","청호나이스","프레임 FH (호텔식 패브릭) Q - 더블 판넬","","","",""
"unmatched_local","chungho-프레임-fh-호텔식-패브릭-q-싱글-판넬","청호나이스","프레임 FH (호텔식 패브릭) Q - 싱글 판넬","","","",""
"unmatched_local","chungho-프레임-fh-호텔식-패브릭-s","청호나이스","프레임 FH (호텔식 패브릭) S","","","",""
"unmatched_local","chungho-프레임-fh-호텔식-패브릭-s-더블-판넬","청호나이스","프레임 FH (호텔식 패브릭) S - 더블 판넬","","","",""
"unmatched_local","chungho-프레임-fh-호텔식-패브릭-s-싱글-판넬","청호나이스","프레임 FH (호텔식 패브릭) S - 싱글 판넬","","","",""
"unmatched_local","chungho-프레임-fh-호텔식-패브릭-ss","청호나이스","프레임 FH (호텔식 패브릭) SS","","","",""
"unmatched_local","chungho-프레임-fh-호텔식-패브릭-ss-더블-판넬","청호나이스","프레임 FH (호텔식 패브릭) SS - 더블 판넬","","","",""
"unmatched_local","chungho-프레임-fh-호텔식-패브릭-ss-싱글-판넬","청호나이스","프레임 FH (호텔식 패브릭) SS - 싱글 판넬","","","",""
"unmatched_local","chungho-프레임-fs-미니멀-프레임-k","청호나이스","프레임 FS (미니멀 프레임) K","","","",""
"unmatched_local","chungho-프레임-fs-미니멀-프레임-k-더블-판넬","청호나이스","프레임 FS (미니멀 프레임) K - 더블 판넬","","","",""
"unmatched_local","chungho-프레임-fs-미니멀-프레임-k-싱글-판넬","청호나이스","프레임 FS (미니멀 프레임) K - 싱글 판넬","","","",""
"unmatched_local","chungho-프레임-fs-미니멀-프레임-lk","청호나이스","프레임 FS (미니멀 프레임) LK","","","",""
"unmatched_local","chungho-프레임-fs-미니멀-프레임-lk-더블-판넬","청호나이스","프레임 FS (미니멀 프레임) LK - 더블 판넬","","","",""
"unmatched_local","chungho-프레임-fs-미니멀-프레임-lk-싱글-판넬","청호나이스","프레임 FS (미니멀 프레임) LK - 싱글 판넬","","","",""
"unmatched_local","chungho-프레임-fs-미니멀-프레임-q","청호나이스","프레임 FS (미니멀 프레임) Q","","","",""
"unmatched_local","chungho-프레임-fs-미니멀-프레임-q-더블-판넬","청호나이스","프레임 FS (미니멀 프레임) Q - 더블 판넬","","","",""
"unmatched_local","chungho-프레임-fs-미니멀-프레임-q-싱글-판넬","청호나이스","프레임 FS (미니멀 프레임) Q - 싱글 판넬","","","",""
"unmatched_local","chungho-프레임-fs-미니멀-프레임-s","청호나이스","프레임 FS (미니멀 프레임) S","","","",""
"unmatched_local","chungho-프레임-fs-미니멀-프레임-s-더블-판넬","청호나이스","프레임 FS (미니멀 프레임) S - 더블 판넬","","","",""
"unmatched_local","chungho-프레임-fs-미니멀-프레임-s-싱글-판넬","청호나이스","프레임 FS (미니멀 프레임) S - 싱글 판넬","","","",""
"unmatched_local","chungho-프레임-fs-미니멀-프레임-ss","청호나이스","프레임 FS (미니멀 프레임) SS","","","",""
"unmatched_local","chungho-프레임-fs-미니멀-프레임-ss-더블-판넬","청호나이스","프레임 FS (미니멀 프레임) SS - 더블 판넬","","","",""
"unmatched_local","chungho-프레임-fs-미니멀-프레임-ss-싱글-판넬","청호나이스","프레임 FS (미니멀 프레임) SS - 싱글 판넬","","","",""
"unmatched_local","chungho-프레임-wb-패브릭-원목-k","청호나이스","프레임 WB (패브릭 원목) K","","","",""
"unmatched_local","chungho-프레임-wb-패브릭-원목-lk","청호나이스","프레임 WB (패브릭 원목) LK","","","",""
"unmatched_local","chungho-프레임-wb-패브릭-원목-q","청호나이스","프레임 WB (패브릭 원목) Q","","","",""
"unmatched_local","chungho-프레임-wb-패브릭-원목-s","청호나이스","프레임 WB (패브릭 원목) S","","","",""
"unmatched_local","chungho-프레임-wb-패브릭-원목-ss","청호나이스","프레임 WB (패브릭 원목) SS","","","",""
"unmatched_local","coway-chp-1111n-chp-1112n","코웨이","CHP-1111N/CHP-1112N","","","",""
"unmatched_local","coway-chp-7211n","코웨이","CHP-7211N","","","",""
"unmatched_local","coway-chp-7211n-2","코웨이","CHP-7211N","","","",""
"unmatched_local","coway-chp-264l","코웨이","CHP-264L","","","",""
"unmatched_local","coway-cp-7211n","코웨이","CP-7211N","","","",""
"unmatched_local","coway-cp-7211n-2","코웨이","CP-7211N","","","",""
"unmatched_local","coway-p-150n","코웨이","P-150N","","","",""
"unmatched_local","coway-p-2210n","코웨이","P-2210N","","","",""
"unmatched_local","coway-fad-02s","코웨이","FAD-02S","","","",""
"unmatched_local","coway-fad-01s","코웨이","FAD-01S","","","",""
"unmatched_local","coway-ba36-b","코웨이","BA36-B","","","",""
"unmatched_local","coway-bas47","코웨이","BAS47","","","",""
"unmatched_local","coway-bb16-a","코웨이","BB16-A","","","",""
"unmatched_local","coway-bb17-a","코웨이","BB17-A","","","",""
"unmatched_local","coway-bb15-a","코웨이","BB15-A","","","",""
"unmatched_local","coway-ad-1221e","코웨이","AD-1221E","","","",""
"unmatched_local","coway-ad-2026c","코웨이","AD-2026C","","","",""
"unmatched_local","coway-ad-2325c","코웨이","AD-2325C","","","",""
"unmatched_local","coway-ad-2526n","코웨이","AD-2526N","","","",""
"unmatched_local","coway-apd-1025e","코웨이","APD-1025E","","","",""
"unmatched_local","coway-acah-061aa","코웨이","ACAH-061AA","","","",""
"unmatched_local","coway-acah-065aa","코웨이","ACAH-065AA","","","",""
"unmatched_local","coway-acah-085aa","코웨이","ACAH-085AA","","","",""
"unmatched_local","coway-acah-105aa","코웨이","ACAH-105AA","","","",""
"unmatched_local","coway-wmg-2005","코웨이","WMG-2005","","","",""
"unmatched_local","coway-wmg-3004","코웨이","WMG-3004","","","",""
"unmatched_local","coway-mc-c02","코웨이","MC-C02","","","",""
"unmatched_local","coway-mc-r01m","코웨이","MC-R01M","","","",""
"unmatched_local","coway-hcm-u01","코웨이","HCM-U01","","","",""
"unmatched_local","coway-hcm-p01","코웨이","HCM-P01","","","",""
"unmatched_local","coway-cir-f60gs","코웨이","CIR-F60GS","","","",""
"unmatched_local","coway-cir-f41gs","코웨이","CIR-F41GS","","","",""
"unmatched_local","coway-cir-303","코웨이","CIR-303","","","",""
"unmatched_local","coway-nip-31ke","코웨이","NIP-31KE","","","",""
"unmatched_local","coway-chr-04","코웨이","CHR-04","","","",""
"unmatched_local","coway-nhp-31ke","코웨이","NHP-31KE","","","",""
"unmatched_local","coway-cer-04","코웨이","CER-04","","","",""
"unmatched_local","coway-cip-31w","코웨이","CIP-31W","","","",""
"unmatched_local","coway-cup-30ks","코웨이","CUP-30KS","","","",""
"unmatched_local","coway-cmk-sl01","코웨이","CMK-SL01","","","",""
"unmatched_local","coway-cmq-sl01","코웨이","CMQ-SL01","","","",""
"unmatched_local","coway-cmss-sl01","코웨이","CMSS-SL01","","","",""
"unmatched_local","coway-cmlk-s03","코웨이","CMLK-S03","","","",""
"unmatched_local","coway-cmk-s03","코웨이","CMK-S03","","","",""
"unmatched_local","coway-cmq-s03","코웨이","CMQ-S03","","","",""
"unmatched_local","coway-cmss-s03","코웨이","CMSS-S03","","","",""
"unmatched_local","coway-cmk-pr03","코웨이","CMK-PR03","","","",""
"unmatched_local","coway-cmq-pr03","코웨이","CMQ-PR03","","","",""
"unmatched_local","coway-cmss-pr03","코웨이","CMSS-PR03","","","",""
"unmatched_local","coway-cmq-m01","코웨이","CMQ-M01","","","",""
"unmatched_local","coway-cmss-m01","코웨이","CMSS-M01","","","",""
"unmatched_local","coway-cmlk-pr04-v2","코웨이","CMLK-PR04_V2","","","",""
"unmatched_local","coway-cmk-pr04-v2","코웨이","CMK-PR04_V2","","","",""
"unmatched_local","coway-cmq-pr04-v2","코웨이","CMQ-PR04_V2","","","",""
"unmatched_local","coway-cmss-pr04-v2","코웨이","CMSS-PR04_V2","","","",""
"unmatched_local","coway-cmk-s05","코웨이","CMK-S05","","","",""
"unmatched_local","coway-cmq-s05","코웨이","CMQ-S05","","","",""
"unmatched_local","coway-cmss-s05","코웨이","CMSS-S05","","","",""
"unmatched_local","coway-cmq-ob03","코웨이","CMQ-OB03","","","",""
"unmatched_local","coway-cmss-ob03","코웨이","CMSS-OB03","","","",""
"unmatched_local","coway-cmq-st01eh","코웨이","CMQ-ST01EH","","","",""
"unmatched_local","coway-cmss-st01eh","코웨이","CMSS-ST01EH","","","",""
"unmatched_local","coway-cms-st01eh","코웨이","CMS-ST01EH","","","",""
"unmatched_local","coway-cmk-se01","코웨이","CMK-SE01","","","",""
"unmatched_local","coway-cmq-se01","코웨이","CMQ-SE01","","","",""
"unmatched_local","coway-cmss-se01","코웨이","CMSS-SE01","","","",""
"unmatched_local","coway-cmlk-se02","코웨이","CMLK-SE02","","","",""
"unmatched_local","coway-cmk-se02","코웨이","CMK-SE02","","","",""
"unmatched_local","coway-cmq-se02","코웨이","CMQ-SE02","","","",""
"unmatched_local","coway-cmss-se02","코웨이","CMSS-SE02","","","",""
"unmatched_local","coway-cmgk-sp01sc","코웨이","CMGK-SP01SC","","","",""
"unmatched_local","coway-cmlk-sp01sc","코웨이","CMLK-SP01SC","","","",""
"unmatched_local","coway-cmk-sp01sc","코웨이","CMK-SP01SC","","","",""
"unmatched_local","coway-cmq-sp01sc","코웨이","CMQ-SP01SC","","","",""
"unmatched_local","coway-cmss-sp01sc","코웨이","CMSS-SP01SC","","","",""
"unmatched_local","coway-cmgk-sp01s","코웨이","CMGK-SP01S","","","",""
"unmatched_local","coway-cmlk-sp01s","코웨이","CMLK-SP01S","","","",""
"unmatched_local","coway-cmk-sp01s","코웨이","CMK-SP01S","","","",""
"unmatched_local","coway-cmq-sp01s","코웨이","CMQ-SP01S","","","",""
"unmatched_local","coway-cmss-sp01s","코웨이","CMSS-SP01S","","","",""
"unmatched_local","coway-cmgk-sp02sc","코웨이","CMGK-SP02SC","","","",""
"unmatched_local","coway-cmlk-sp02sc","코웨이","CMLK-SP02SC","","","",""
"unmatched_local","coway-cmk-sp02sc","코웨이","CMK-SP02SC","","","",""
"unmatched_local","coway-cmq-sp02sc","코웨이","CMQ-SP02SC","","","",""
"unmatched_local","coway-cmss-sp02sc","코웨이","CMSS-SP02SC","","","",""
"unmatched_local","coway-cmgk-sp02s","코웨이","CMGK-SP02S","","","",""
"unmatched_local","coway-cmlk-sp02s","코웨이","CMLK-SP02S","","","",""
"unmatched_local","coway-cmk-sp02s","코웨이","CMK-SP02S","","","",""
"unmatched_local","coway-cmq-sp02s","코웨이","CMQ-SP02S","","","",""
"unmatched_local","coway-cmss-sp02s","코웨이","CMSS-SP02S","","","",""
"unmatched_local","coway-cmlk-as05","코웨이","CMLK-AS05","","","",""
"unmatched_local","coway-cmk-as05","코웨이","CMK-AS05","","","",""
"unmatched_local","coway-cmq-as05","코웨이","CMQ-AS05","","","",""
"unmatched_local","coway-cmss-as05","코웨이","CMSS-AS05","","","",""
"unmatched_local","coway-cmlk-as04","코웨이","CMLK-AS04","","","",""
"unmatched_local","coway-cmk-as04","코웨이","CMK-AS04","","","",""
"unmatched_local","coway-cmq-as04","코웨이","CMQ-AS04","","","",""
"unmatched_local","coway-cmss-as04","코웨이","CMSS-AS04","","","",""
"unmatched_local","coway-cmlk-se03","코웨이","CMLK-SE03","","","",""
"unmatched_local","coway-cmk-se03","코웨이","CMK-SE03","","","",""
"unmatched_local","coway-cmq-se03","코웨이","CMQ-SE03","","","",""
"unmatched_local","coway-cmss-se03","코웨이","CMSS-SE03","","","",""
"unmatched_local","coway-cflk-ht01","코웨이","CFLK-HT01","","","",""
"unmatched_local","coway-cfk-ht01","코웨이","CFK-HT01","","","",""
"unmatched_local","coway-cfq-ht01","코웨이","CFQ-HT01","","","",""
"unmatched_local","coway-cfss-ht01","코웨이","CFSS-HT01","","","",""
"unmatched_local","coway-cflk-cb04","코웨이","CFLK-CB04","","","",""
"unmatched_local","coway-cfk-cb04","코웨이","CFK-CB04","","","",""
"unmatched_local","coway-cfq-cb04","코웨이","CFQ-CB04","","","",""
"unmatched_local","coway-cflk-f05","코웨이","CFLK-F05","","","",""
"unmatched_local","coway-cfk-f05","코웨이","CFK-F05","","","",""
"unmatched_local","coway-cfq-f05","코웨이","CFQ-F05","","","",""
"unmatched_local","coway-cfss-f05","코웨이","CFSS-F05","","","",""
"unmatched_local","coway-cflk-f04","코웨이","CFLK-F04","","","",""
"unmatched_local","coway-cfk-f04","코웨이","CFK-F04","","","",""
"unmatched_local","coway-cfq-f04","코웨이","CFQ-F04","","","",""
"unmatched_local","coway-cfss-f04","코웨이","CFSS-F04","","","",""
"unmatched_local","coway-cfq-lm01g","코웨이","CFQ-LM01G","","","",""
"unmatched_local","coway-cfss-lm01g","코웨이","CFSS-LM01G","","","",""
"unmatched_local","coway-cfq-lm02g","코웨이","CFQ-LM02G","","","",""
"unmatched_local","coway-cfss-lm02g","코웨이","CFSS-LM02G","","","",""
"unmatched_local","coway-cfk-tm09","코웨이","CFK-TM09","","","",""
"unmatched_local","coway-cfq-tm09","코웨이","CFQ-TM09","","","",""
"unmatched_local","coway-cfss-tm09","코웨이","CFSS-TM09","","","",""
"unmatched_local","coway-cfk-fp01s","코웨이","CFK-FP01S","","","",""
"unmatched_local","coway-cfq-fp01s","코웨이","CFQ-FP01S","","","",""
"unmatched_local","coway-cfss-fp01s","코웨이","CFSS-FP01S","","","",""
"unmatched_local","coway-cfk-fp02s","코웨이","CFK-FP02S","","","",""
"unmatched_local","coway-cfq-fp02s","코웨이","CFQ-FP02S","","","",""
"unmatched_local","coway-cfss-fp02s","코웨이","CFSS-FP02S","","","",""
"unmatched_local","coway-cfk-fp01","코웨이","CFK-FP01","","","",""
"unmatched_local","coway-cfq-fp01","코웨이","CFQ-FP01","","","",""
"unmatched_local","coway-cfss-fp01","코웨이","CFSS-FP01","","","",""
"unmatched_local","coway-cfk-fp02","코웨이","CFK-FP02","","","",""
"unmatched_local","coway-cfq-fp02","코웨이","CFQ-FP02","","","",""
"unmatched_local","coway-cfss-fp02","코웨이","CFSS-FP02","","","",""
"unmatched_local","coway-cfk-cb01","코웨이","CFK-CB01","","","",""
"unmatched_local","coway-cfq-cb01","코웨이","CFQ-CB01","","","",""
"unmatched_local","coway-cfss-cb01","코웨이","CFSS-CB01","","","",""
"unmatched_local","coway-cfk-tm11","코웨이","CFK-TM11","","","",""
"unmatched_local","coway-cfq-tm11","코웨이","CFQ-TM11","","","",""
"unmatched_local","coway-cfss-tm11","코웨이","CFSS-TM11","","","",""
"unmatched_local","coway-cflk-tm12","코웨이","CFLK-TM12","","","",""
"unmatched_local","coway-cfk-tm12","코웨이","CFK-TM12","","","",""
"unmatched_local","coway-cfq-tm12","코웨이","CFQ-TM12","","","",""
"unmatched_local","coway-cfss-tm12","코웨이","CFSS-TM12","","","",""
"unmatched_local","coway-cfk-cb03","코웨이","CFK-CB03","","","",""
"unmatched_local","coway-cfq-cb03","코웨이","CFQ-CB03","","","",""
"unmatched_local","coway-cfss-cb03","코웨이","CFSS-CB03","","","",""
"unmatched_local","coway-cfgk-cb02","코웨이","CFGK-CB02","","","",""
"unmatched_local","coway-cflk-cb02","코웨이","CFLK-CB02","","","",""
"unmatched_local","coway-cfk-cb02","코웨이","CFK-CB02","","","",""
"unmatched_local","coway-cfq-cb02","코웨이","CFQ-CB02","","","",""
"unmatched_local","coway-cfss-cb02","코웨이","CFSS-CB02","","","",""
"unmatched_local","coway-cflk-tm13","코웨이","CFLK-TM13","","","",""
"unmatched_local","coway-cfk-tm13","코웨이","CFK-TM13","","","",""
"unmatched_local","coway-cfq-tm13","코웨이","CFQ-TM13","","","",""
"unmatched_local","coway-cfss-tm13","코웨이","CFSS-TM13","","","",""
"unmatched_local","coway-cflk-tm14","코웨이","CFLK-TM14","","","",""
"unmatched_local","coway-cfk-tm14","코웨이","CFK-TM14","","","",""
"unmatched_local","coway-cfq-tm14","코웨이","CFQ-TM14","","","",""
"unmatched_local","coway-cfss-tm14","코웨이","CFSS-TM14","","","",""
"unmatched_local","coway-cfq-sb01","코웨이","CFQ-SB01","","","",""
"unmatched_local","coway-cfss-sb01","코웨이","CFSS-SB01","","","",""
"unmatched_local","coway-cfs-sb01","코웨이","CFS-SB01","","","",""
"unmatched_local","wells-wp610","웰스","WP610","","","",""
"unmatched_local","wells-wq652","웰스","WQ652","","","",""
"unmatched_local","wells-wt652","웰스","WT652","","","",""
"unmatched_local","wells-wk370","웰스","WK370","","","",""
"unmatched_local","wells-wm071","웰스","WM071","","","",""
"unmatched_local","wells-wm371","웰스","WM371","","","",""
"unmatched_local","wells-wp270","웰스","WP270","","","",""
"unmatched_local","wells-wp270-2","웰스","WP270","","","",""
"unmatched_local","wells-wq171","웰스","WQ171","","","",""
"unmatched_local","wells-wq271","웰스","WQ271","","","",""
"unmatched_local","wells-wt672","웰스","WT672","","","",""
"unmatched_local","wells-ap107-aq107-ar107","웰스","AP107/AQ107/AR107","","","",""
"unmatched_local","wells-dt921","웰스","DT921","","","",""
"unmatched_local","wells-ap520","웰스","AP520","","","",""
"unmatched_local","wells-as524","웰스","AS524","","","",""
"unmatched_local","wells-as526","웰스","AS526","","","",""
"unmatched_local","wells-bm750","웰스","BM750","","","",""
"unmatched_local","wells-bp550","웰스","BP550","","","",""
"unmatched_local","wells-bp750","웰스","BP750","","","",""
"unmatched_local","wells-bq450","웰스","BQ450","","","",""
"unmatched_local","wells-bq650","웰스","BQ650","","","",""
"unmatched_local","wells-br550","웰스","BR550","","","",""
"unmatched_local","wells-hn877","웰스","HN877","","","",""
"unmatched_local","wells-hn877-2","웰스","HN877","","","",""
"unmatched_local","wells-hr768rwa","웰스","HR768RWA","","","",""
"unmatched_local","wells-hp157","웰스","HP157","","","",""
"unmatched_local","wells-wq672-bt150-ap107","웰스","WQ672+BT150+AP107","","","",""
"unmatched_local","wells-wq672-bt150","웰스","WQ672+BT150","","","",""
"unmatched_local","wells-wr872-bt150","웰스","WR872+BT150","","","",""
"unmatched_local","wells-wr872","웰스","WR872","","","",""
"unmatched_local","wells-gp106","웰스","GP106","","","",""
"unmatched_local","wells-gp106-2","웰스","GP106","","","",""
"unmatched_local","wells-kw-g01w1-r","웰스","KW-G01W1-R","","","",""
"unmatched_local","wells-kw-g01w1-r-2","웰스","KW-G01W1-R","","","",""
"unmatched_local","wells-kw-g01w1-r-3","웰스","KW-G01W1-R","","","",""
"unmatched_local","wells-kw-g01w1-r-4","웰스","KW-G01W1-R","","","",""
"unmatched_local","wells-kw-g01w1-r-5","웰스","KW-G01W1-R","","","",""
"unmatched_local","wells-kw-g01w1-r-6","웰스","KW-G01W1-R","","","",""
"unmatched_local","wells-kw-g01w1-r-7","웰스","KW-G01W1-R","","","",""
"unmatched_local","wells-kw-g01w1-r-8","웰스","KW-G01W1-R","","","",""
"unmatched_local","wells-kw-g01w1-r-9","웰스","KW-G01W1-R","","","",""
"unmatched_local","wells-kw-g01w1-r-10","웰스","KW-G01W1-R","","","",""
"unmatched_local","wells-kw-g01w1-r-11","웰스","KW-G01W1-R","","","",""
"unmatched_local","wells-kw-g01w1-r-12","웰스","KW-G01W1-R","","","",""
"unmatched_local","wells-kw-g01w1-r-13","웰스","KW-G01W1-R","","","",""
"unmatched_local","wells-kw-g01w1-r-14","웰스","KW-G01W1-R","","","",""
"unmatched_local","wells-kw-g01w1-r-15","웰스","KW-G01W1-R","","","",""
"unmatched_local","wells-kw-g01w1-r-16","웰스","KW-G01W1-R","","","",""
"unmatched_local","wells-kw-g01w1-r-17","웰스","KW-G01W1-R","","","",""
"unmatched_local","wells-kw-g01w1-r-18","웰스","KW-G01W1-R","","","",""
"unmatched_local","wells-kw-g01w1-r-19","웰스","KW-G01W1-R","","","",""
"unmatched_local","wells-kw-g01w1-r-20","웰스","KW-G01W1-R","","","",""
"unmatched_local","wells-kw-g01w1-r-21","웰스","KW-G01W1-R","","","",""
"unmatched_local","wells-kw-g01w1-r-22","웰스","KW-G01W1-R","","","",""
"unmatched_local","wells-kw-g01w1-r-23","웰스","KW-G01W1-R","","","",""
"unmatched_local","wells-kw-g01w1-r-24","웰스","KW-G01W1-R","","","",""
"unmatched_local","wells-kw-g01w1-r-25","웰스","KW-G01W1-R","","","",""
"unmatched_local","wells-kw-g01w1-r-26","웰스","KW-G01W1-R","","","",""
"unmatched_local","wells-kw-g01w1-r-27","웰스","KW-G01W1-R","","","",""
"unmatched_local","wells-kw-g01w1-r-28","웰스","KW-G01W1-R","","","",""
"unmatched_local","wells-kw-g01w1-r-29","웰스","KW-G01W1-R","","","",""
"unmatched_local","wells-kw-g01w1-r-30","웰스","KW-G01W1-R","","","",""
"unmatched_local","wells-kw-g01w1-r-31","웰스","KW-G01W1-R","","","",""
"unmatched_local","wells-kw-g01w1-r-32","웰스","KW-G01W1-R","","","",""
"unmatched_local","wells-kw-g01w1-r-33","웰스","KW-G01W1-R","","","",""
"unmatched_local","wells-kw-g01w1-r-34","웰스","KW-G01W1-R","","","",""
"unmatched_local","wells-kw-g01w1-r-35","웰스","KW-G01W1-R","","","",""
"unmatched_local","wells-kw-g01w1-r-36","웰스","KW-G01W1-R","","","",""
"unmatched_local","wells-cm-7000tg","웰스","CM-7000TG","","","",""
"unmatched_local","wells-moduwave","웰스","MODUWAVE","","","",""
"unmatched_local","wells-cl796-cl556","웰스","CL796+CL556","","","",""
"unmatched_local","wells-cl796","웰스","CL796","","","",""
"unmatched_local","wells-cl556","웰스","CL556","","","",""
"unmatched_local","wells-스마트미러","웰스","","","","",""
"unmatched_local","wells-cn785","웰스","CN785","","","",""
"unmatched_local","wells-lt-s600w","웰스","LT-S600W","","","",""
"unmatched_local","cesco-vs210h","세스코","VS210H","","","",""
"unmatched_local","cesco-vs-510m","세스코","VS-510M","","","",""
"unmatched_local","cesco-vs-310","세스코","VS-310","","","",""
"unmatched_local","cesco-epew552","세스코","EPEW552","","","",""
"unmatched_local","cesco-vh-310-핸드제닉","세스코","VH-310_핸드제닉","","","",""
"unmatched_local","cesco-vh-310-새니제닉","세스코","VH-310_새니제닉","","","",""
"unmatched_local","cesco-vt-200","세스코","VT-200","","","",""
"unmatched_local","cesco-th-3500d","세스코","TH-3500D","","","",""
"unmatched_local","cesco-th-570l-1","세스코","TH-570L-1","","","",""
"unmatched_local","cesco-fsdw111","세스코","FSDW111","","","",""
"unmatched_local","cesco-fsdw211","세스코","FSDW211","","","",""
"unmatched_local","cesco-fsew112","세스코","FSEW112","","","",""
"unmatched_local","cesco-fsew212","세스코","FSEW212","","","",""
"unmatched_local","cuckoo-cp-ahs101he","쿠쿠","CP-AHS101HE","","","",""
"unmatched_local","cuckoo-cp-ahs101he-2","쿠쿠","CP-AHS101HE","","","",""
"unmatched_local","cuckoo-cp-ahs100he","쿠쿠","CP-AHS100HE","","","",""
"unmatched_local","cuckoo-cp-ahs100he-2","쿠쿠","CP-AHS100HE","","","",""
"unmatched_local","cuckoo-cp-ahsc100he","쿠쿠","CP-AHSC100HE","","","",""
"unmatched_local","cuckoo-cp-ahsc100he-2","쿠쿠","CP-AHSC100HE","","","",""
"unmatched_local","cuckoo-cp-ss101hw","쿠쿠","CP-SS101HW","","","",""
"unmatched_local","cuckoo-cp-ss100h","쿠쿠","CP-SS100H","","","",""
"unmatched_local","cuckoo-cp-ss100h-2","쿠쿠","CP-SS100H","","","",""
"unmatched_local","cuckoo-cp-ajs801sw","쿠쿠","CP-AJS801SW","","","",""
"unmatched_local","cuckoo-cp-ams100","쿠쿠","CP-AMS100","","","",""
"unmatched_local","cuckoo-cp-ams100-2","쿠쿠","CP-AMS100","","","",""
"unmatched_local","cuckoo-cp-abs100gwh-gp","쿠쿠","CP-ABS100GWH/GP","","","",""
"unmatched_local","cuckoo-cp-abs100gwh-gp-2","쿠쿠","CP-ABS100GWH/GP","","","",""
"unmatched_local","cuckoo-cp-absc100gwh-gp","쿠쿠","CP-ABSC100GWH/GP","","","",""
"unmatched_local","cuckoo-cp-absc100gwh-gp-2","쿠쿠","CP-ABSC100GWH/GP","","","",""
"unmatched_local","cuckoo-cp-aas100ulw-ulds","쿠쿠","CP-AAS100ULW/ULDS","","","",""
"unmatched_local","cuckoo-cp-x501hw","쿠쿠","CP-X501HW","","","",""
"unmatched_local","cuckoo-cp-x501sw","쿠쿠","CP-X501SW","","","",""
"unmatched_local","cuckoo-cp-dn2001","쿠쿠","CP-DN2001","","","",""
"unmatched_local","cuckoo-cppu-c1710c","쿠쿠","CPPU-C1710C","","","",""
"unmatched_local","cuckoo-cppu-c1710cp","쿠쿠","CPPU-C1710CP","","","",""
"unmatched_local","cuckoo-cp-ak011eg-ep-gb","쿠쿠","CP-AK011EG/EP/GB","","","",""
"unmatched_local","cuckoo-ac-30ah30fe","쿠쿠","AC-30AH30FE","","","",""
"unmatched_local","cuckoo-dh-y1652fnw","쿠쿠","DH-Y1652FNW","","","",""
"unmatched_local","cuckoo-dh-x22721eb","쿠쿠","DH-X22721EB","","","",""
"unmatched_local","cuckoo-dh-wf21561eb","쿠쿠","DH-WF21561EB","","","",""
"unmatched_local","cuckoo-cws-ao201w","쿠쿠","CWS-AO201W","","","",""
"unmatched_local","cuckoo-bps-w1","쿠쿠","BPS-W1","","","",""
"unmatched_local","cuckoo-bfcs-led","쿠쿠","BFCS-LED","","","",""
"unmatched_local","cuckoo-bfcs-uv","쿠쿠","BFCS-UV","","","",""
"unmatched_local","cuckoo-bipm-h10","쿠쿠","BIPM-H10","","","",""
"unmatched_local","cuckoo-bipm-h30","쿠쿠","BIPM-H30","","","",""
"unmatched_local","cuckoo-bipm-h40","쿠쿠","BIPM-H40","","","",""
"unmatched_local","cuckoo-bipm-h50","쿠쿠","BIPM-H50","","","",""
"unmatched_local","cuckoo-bipm-h80","쿠쿠","BIPM-H80","","","",""
"unmatched_local","cuckoo-bipm-h100","쿠쿠","BIPM-H100","","","",""
"unmatched_local","cuckoo-bipm-o10","쿠쿠","BIPM-O10","","","",""
"unmatched_local","cuckoo-bipm-o30","쿠쿠","BIPM-O30","","","",""
"unmatched_local","cuckoo-bipm-o50","쿠쿠","BIPM-O50","","","",""
"unmatched_local","cuckoo-bipm-o70","쿠쿠","BIPM-O70","","","",""
"unmatched_local","cuckoo-bipm-o100","쿠쿠","BIPM-O100","","","",""
"unmatched_local","cuckoo-bipm-o150","쿠쿠","BIPM-O150","","","",""
"unmatched_local","cuckoo-bipm-o200","쿠쿠","BIPM-O200","","","",""
"unmatched_local","cuckoo-bipm-o250","쿠쿠","BIPM-O250","","","",""
"unmatched_local","cuckoo-bipm-o300","쿠쿠","BIPM-O300","","","",""
"unmatched_local","hyundai-p-b30cb-cw","현대큐밍","P-B30CB/CW","","","",""
"unmatched_local","hyundai-p-b30sb-sw","현대큐밍","P-B30SB/SW","","","",""
"unmatched_local","hyundai-pm50sw","현대큐밍","PM50SW","","","",""
"unmatched_local","hyundai-pm50sw-2","현대큐밍","PM50SW","","","",""
"unmatched_local","hyundai-p-r40cs","현대큐밍","P-R40CS","","","",""
"unmatched_local","hyundai-pm40sw","현대큐밍","PM40SW","","","",""
"unmatched_local","hyundai-hqpm11cw1d-e0c","현대큐밍","HQPM11CW1D/E0C","","","",""
"unmatched_local","hyundai-hqpm11cw1d-e0c-2","현대큐밍","HQPM11CW1D/E0C","","","",""
"unmatched_local","hyundai-hqps11c","현대큐밍","HQPS11C","","","",""
"unmatched_local","hyundai-hqpm15c","현대큐밍","HQPM15C","","","",""
"unmatched_local","hyundai-hqpi73c","현대큐밍","HQPI73C","","","",""
"unmatched_local","hyundai-b-s300w","현대큐밍","B-S300W","","","",""
"unmatched_local","hyundai-hqaa10340f","현대큐밍","HQAA10340F","","","",""
"unmatched_local","hyundai-hqab20340f","현대큐밍","HQAB20340F","","","",""
"unmatched_local","hyundai-a-c101w","현대큐밍","A-C101W","","","",""
"unmatched_local","hyundai-c-b300b0b","현대큐밍","C-B300B0B","","","",""
"unmatched_local","hyundai-hdc9300b0f","현대큐밍","HDC9300B0F","","","",""
"unmatched_local","hyundai-hqcc300b0g","현대큐밍","HQCC300B0G","","","",""
"unmatched_local","hyundai-a-b233w-z","현대큐밍","A-B233W,Z","","","",""
"unmatched_local","hyundai-a-b313w","현대큐밍","A-B313W","","","",""
"unmatched_local","hyundai-a-b233w-z-2","현대큐밍","A-B233W,Z","","","",""
"unmatched_local","lg-wd722r-k-h-e","LG","WD722R(K/H/E)","","","",""
"unmatched_local","lg-wu923a-c-w-n-b-b-as","LG","WU923A(C/W/N/B)B, AS","","","",""
"unmatched_local","lg-wu523a-c-w-b","LG","WU523A(C/W)B","","","",""
"unmatched_local","lg-wd524v-c-h-s","LG","WD524V(C/H/S)","","","",""
"unmatched_local","lg-wd523v-c-h-s-p-m","LG","WD523V(C/H/S/P/M)","","","",""
"unmatched_local","lg-wd323a-c-w-b","LG","WD323A(C/W)B","","","",""
"unmatched_local","lg-wd520vc","LG","WD520VC","","","",""
"unmatched_local","lg-wd525ahb-acb-agb-as","LG","WD525AHB/ACB/AGB/AS","","","",""
"unmatched_local","lg-wd220m-c-n-b","LG","WD220M(C/N)B","","","",""
"unmatched_local","lg-wd120m-c-n-b","LG","WD120M(C/N)B","","","",""
"unmatched_local","lg-wd523acb","LG","WD523ACB","","","",""
"unmatched_local","lg-as356n-s-g-mam","LG","AS356N(S/G)MAM","","","",""
"unmatched_local","lg-as356n-s-g-mam-2","LG","AS356N(S/G)MAM","","","",""
"unmatched_local","lg-as206n-s-g-ham","LG","AS206N(S/G)HAM","","","",""
"unmatched_local","lg-as206n-s-g-ham-2","LG","AS206N(S/G)HAM","","","",""
"unmatched_local","lg-as065pwha","LG","AS065PWHA","","","",""
"unmatched_local","lg-as065cwha","LG","AS065CWHA","","","",""
"unmatched_local","lg-as155gwdl","LG","AS155GWDL","","","",""
"unmatched_local","lg-as185lgaa","LG","AS185LGAA","","","",""
"unmatched_local","lg-hy705r-s-g-uam","LG","HY705R(S/G)UAM","","","",""
"unmatched_local","lg-hy705r-s-g-uam-2","LG","HY705R(S/G)UAM","","","",""
"unmatched_local","lg-hy705r-s-g-uam-3","LG","HY705R(S/G)UAM","","","",""
"unmatched_local","lg-dq256m-w-e-gas","LG","DQ256M(W/E)GAS","","","",""
